escenario,replica,t_segundos,G,N,K,corral
101,1,5.0,100,5,100,2
101,1,10.0,100,5,100,2
101,1,15.0,100,5,100,2
101,1,20.0,100,5,100,2
101,1,25.0,100,5,100,2
101,1,30.0,100,5,100,2
101,1,35.0,99,5,100,2
101,1,40.0,97,5,100,2
101,1,45.0,96,5,100,2
101,1,50.0,96,5,100,2
101,1,55.0,97,5,100,2
101,1,60.0,97,5,100,2
101,1,65.0,97,5,100,2
101,1,70.0,97,5,100,2
101,1,75.0,97,5,100,2
101,1,80.0,98,5,100,2
101,1,85.0,99,5,100,2
101,1,90.0,99,5,100,2
101,1,95.0,98,5,100,2
101,1,100.0,97,5,100,2
101,1,105.0,97,5,100,2
101,1,110.0,97,5,100,2
101,1,115.0,97,5,100,2
101,1,120.0,97,5,100,2
101,1,125.0,97,5,100,2
101,1,130.0,97,5,100,2
101,1,135.0,97,5,100,2
101,1,140.0,96,5,100,2
101,1,145.0,95,5,100,2
101,1,150.0,95,5,100,2
101,1,155.0,94,5,100,2
101,1,160.0,93,5,100,2
101,1,165.0,93,5,100,2
101,1,170.0,94,5,100,2
101,1,175.0,93,5,100,2
101,1,180.0,93,5,100,2
101,1,185.0,92,5,100,2
101,1,190.0,92,5,100,2
101,1,195.0,92,5,100,2
101,1,200.0,93,5,100,2
101,1,205.0,93,5,100,2
101,1,210.0,94,5,100,2
101,1,215.0,94,5,100,2
101,1,220.0,92,5,100,2
101,1,225.0,91,5,100,2
101,1,230.0,91,5,100,2
101,1,235.0,89,5,100,2
101,1,240.0,90,5,100,2
101,1,245.0,90,5,100,2
101,1,250.0,90,5,100,2
101,1,255.0,89,5,100,2
101,1,260.0,88,5,100,2
101,1,265.0,88,5,100,2
101,1,270.0,88,5,100,2
101,1,275.0,88,5,100,2
101,1,280.0,88,5,100,2
101,1,285.0,87,5,100,2
101,1,290.0,87,5,100,2
101,1,295.0,87,5,100,2
101,1,300.0,89,5,100,2
101,1,305.0,89,5,100,2
101,1,310.0,88,5,100,2
101,1,315.0,88,5,100,2
101,1,320.0,89,5,100,2
101,1,325.0,91,5,100,2
101,1,330.0,91,5,100,2
101,1,335.0,90,5,100,2
101,1,340.0,90,5,100,2
101,1,345.0,90,5,100,2
101,1,350.0,91,5,100,2
101,1,355.0,91,5,100,2
101,1,360.0,91,5,100,2
101,1,365.0,91,5,100,2
101,1,370.0,90,5,100,2
101,1,375.0,90,5,100,2
101,1,380.0,89,5,100,2
101,1,385.0,89,5,100,2
101,1,390.0,89,5,100,2
101,1,395.0,89,5,100,2
101,1,400.0,89,5,100,2
101,1,405.0,89,5,100,2
101,1,410.0,91,5,100,2
101,1,415.0,91,5,100,2
101,1,420.0,91,5,100,2
101,1,425.0,90,5,100,2
101,1,430.0,90,5,100,2
101,1,435.0,90,5,100,2
101,1,440.0,90,5,100,2
101,1,445.0,90,5,100,2
101,1,450.0,89,5,100,2
101,1,455.0,88,5,100,2
101,1,460.0,88,5,100,2
101,1,465.0,88,5,100,2
101,1,470.0,87,5,100,2
101,1,475.0,88,5,100,2
101,1,480.0,88,5,100,2
101,1,485.0,89,5,100,2
101,1,490.0,89,5,100,2
101,1,495.0,90,5,100,2
101,1,500.0,90,5,100,2
101,1,505.0,90,5,100,2
101,1,510.0,90,5,100,2
101,1,515.0,89,5,100,2
101,1,520.0,90,5,100,2
101,1,525.0,88,5,100,2
101,1,530.0,89,5,100,2
101,1,535.0,89,5,100,2
101,1,540.0,90,5,100,2
101,1,545.0,91,5,100,2
101,1,550.0,91,5,100,2
101,1,555.0,91,5,100,2
101,1,560.0,92,5,100,2
101,1,565.0,92,5,100,2
101,1,570.0,92,5,100,2
101,1,575.0,92,5,100,2
101,1,580.0,91,5,100,2
101,1,585.0,91,5,100,2
101,1,590.0,91,5,100,2
101,1,595.0,90,5,100,2
101,1,600.0,90,5,100,2
101,1,605.0,91,5,100,2
101,1,610.0,92,5,100,2
101,1,615.0,92,5,100,2
101,1,620.0,92,5,100,2
101,1,625.0,91,5,100,2
101,1,630.0,92,5,100,2
101,1,635.0,92,5,100,2
101,1,640.0,92,5,100,2
101,1,645.0,91,5,100,2
101,1,650.0,90,5,100,2
101,1,655.0,90,5,100,2
101,1,660.0,91,5,100,2
101,1,665.0,91,5,100,2
101,1,670.0,91,5,100,2
101,1,675.0,91,5,100,2
101,1,680.0,92,5,100,2
101,1,685.0,92,5,100,2
101,1,690.0,93,5,100,2
101,1,695.0,94,5,100,2
101,1,700.0,94,5,100,2
101,1,705.0,96,5,100,2
101,1,710.0,96,5,100,2
101,1,715.0,96,5,100,2
101,1,720.0,96,5,100,2
101,1,725.0,95,5,100,2
101,1,730.0,93,5,100,2
101,1,735.0,94,5,100,2
101,1,740.0,95,5,100,2
101,1,745.0,93,5,100,2
101,1,750.0,93,5,100,2
101,1,755.0,93,5,100,2
101,1,760.0,93,5,100,2
101,1,765.0,94,5,100,2
101,1,770.0,93,5,100,2
101,1,775.0,93,5,100,2
101,1,780.0,93,5,100,2
101,1,785.0,93,5,100,2
101,1,790.0,92,5,100,2
101,1,795.0,92,5,100,2
101,1,800.0,91,5,100,2
101,1,805.0,91,5,100,2
101,1,810.0,91,5,100,2
101,1,815.0,91,5,100,2
101,1,820.0,89,5,100,2
101,1,825.0,89,5,100,2
101,1,830.0,87,5,100,2
101,1,835.0,86,5,100,2
101,1,840.0,85,5,100,2
101,1,845.0,86,5,100,2
101,1,850.0,86,5,100,2
101,1,855.0,85,5,100,2
101,1,860.0,84,5,100,2
101,1,865.0,84,5,100,2
101,1,870.0,85,5,100,2
101,1,875.0,84,5,100,2
101,1,880.0,84,5,100,2
101,1,885.0,84,5,100,2
101,1,890.0,83,5,100,2
101,1,895.0,83,5,100,2
101,1,900.0,83,5,100,2
101,1,905.0,83,5,100,2
101,1,910.0,82,5,100,2
101,1,915.0,84,5,100,2
101,1,920.0,84,5,100,2
101,1,925.0,83,5,100,2
101,1,930.0,83,5,100,2
101,1,935.0,82,5,100,2
101,1,940.0,82,5,100,2
101,1,945.0,82,5,100,2
101,1,950.0,83,5,100,2
101,1,955.0,82,5,100,2
101,1,960.0,85,5,100,2
101,1,965.0,86,5,100,2
101,1,970.0,86,5,100,2
101,1,975.0,86,5,100,2
101,1,980.0,85,5,100,2
101,1,985.0,85,5,100,2
101,1,990.0,86,5,100,2
101,1,995.0,84,5,100,2
101,1,1000.0,86,5,100,2
101,1,1005.0,86,5,100,2
101,1,1010.0,86,5,100,2
101,1,1015.0,87,5,100,2
101,1,1020.0,88,5,100,2
101,1,1025.0,85,5,100,2
101,1,1030.0,86,5,100,2
101,1,1035.0,85,5,100,2
101,1,1040.0,85,5,100,2
101,1,1045.0,85,5,100,2
101,1,1050.0,86,5,100,2
101,1,1055.0,87,5,100,2
101,1,1060.0,87,5,100,2
101,1,1065.0,88,5,100,2
101,1,1070.0,88,5,100,2
101,1,1075.0,87,5,100,2
101,1,1080.0,88,5,100,2
101,1,1085.0,88,5,100,2
101,1,1090.0,89,5,100,2
101,1,1095.0,89,5,100,2
101,1,1100.0,89,5,100,2
101,1,1105.0,88,5,100,2
101,1,1110.0,88,5,100,2
101,1,1115.0,87,5,100,2
101,1,1120.0,87,5,100,2
101,1,1125.0,87,5,100,2
101,1,1130.0,88,5,100,2
101,1,1135.0,88,5,100,2
101,1,1140.0,88,5,100,2
101,1,1145.0,88,5,100,2
101,1,1150.0,90,5,100,2
101,1,1155.0,90,5,100,2
101,1,1160.0,90,5,100,2
101,1,1165.0,90,5,100,2
101,1,1170.0,90,5,100,2
101,1,1175.0,89,5,100,2
101,1,1180.0,89,5,100,2
101,1,1185.0,90,5,100,2
101,1,1190.0,89,5,100,2
101,1,1195.0,90,5,100,2
101,1,1200.0,89,5,100,2
101,1,1205.0,89,5,100,2
101,1,1210.0,88,5,100,2
101,1,1215.0,87,5,100,2
101,1,1220.0,87,5,100,2
101,1,1225.0,87,5,100,2
101,1,1230.0,88,5,100,2
101,1,1235.0,88,5,100,2
101,1,1240.0,87,5,100,2
101,1,1245.0,88,5,100,2
101,1,1250.0,87,5,100,2
101,1,1255.0,89,5,100,2
101,1,1260.0,91,5,100,2
101,1,1265.0,89,5,100,2
101,1,1270.0,89,5,100,2
101,1,1275.0,88,5,100,2
101,1,1280.0,89,5,100,2
101,1,1285.0,89,5,100,2
101,1,1290.0,89,5,100,2
101,1,1295.0,90,5,100,2
101,1,1300.0,90,5,100,2
101,1,1305.0,90,5,100,2
101,1,1310.0,91,5,100,2
101,1,1315.0,90,5,100,2
101,1,1320.0,90,5,100,2
101,1,1325.0,90,5,100,2
101,1,1330.0,90,5,100,2
101,1,1335.0,90,5,100,2
101,1,1340.0,90,5,100,2
101,1,1345.0,90,5,100,2
101,1,1350.0,90,5,100,2
101,1,1355.0,90,5,100,2
101,1,1360.0,90,5,100,2
101,1,1365.0,88,5,100,2
101,1,1370.0,88,5,100,2
101,1,1375.0,88,5,100,2
101,1,1380.0,88,5,100,2
101,1,1385.0,87,5,100,2
101,1,1390.0,88,5,100,2
101,1,1395.0,88,5,100,2
101,1,1400.0,87,5,100,2
101,1,1405.0,88,5,100,2
101,1,1410.0,87,5,100,2
101,1,1415.0,87,5,100,2
101,1,1420.0,87,5,100,2
101,1,1425.0,88,5,100,2
101,1,1430.0,89,5,100,2
101,1,1435.0,88,5,100,2
101,1,1440.0,88,5,100,2
101,1,1445.0,87,5,100,2
101,1,1450.0,88,5,100,2
101,1,1455.0,89,5,100,2
101,1,1460.0,89,5,100,2
101,1,1465.0,89,5,100,2
101,1,1470.0,88,5,100,2
101,1,1475.0,89,5,100,2
101,1,1480.0,89,5,100,2
101,1,1485.0,90,5,100,2
101,1,1490.0,90,5,100,2
101,1,1495.0,90,5,100,2
101,1,1500.0,90,5,100,2
101,1,1505.0,90,5,100,2
101,1,1510.0,89,5,100,2
101,1,1515.0,88,5,100,2
101,1,1520.0,88,5,100,2
101,2,5.0,100,5,100,2
101,2,10.0,99,5,100,2
101,2,15.0,99,5,100,2
101,2,20.0,99,5,100,2
101,2,25.0,99,5,100,2
101,2,30.0,99,5,100,2
101,2,35.0,99,5,100,2
101,2,40.0,98,5,100,2
101,2,45.0,98,5,100,2
101,2,50.0,97,5,100,2
101,2,55.0,97,5,100,2
101,2,60.0,97,5,100,2
101,2,65.0,97,5,100,2
101,2,70.0,96,5,100,2
101,2,75.0,96,5,100,2
101,2,80.0,97,5,100,2
101,2,85.0,97,5,100,2
101,2,90.0,97,5,100,2
101,2,95.0,96,5,100,2
101,2,100.0,96,5,100,2
101,2,105.0,96,5,100,2
101,2,110.0,95,5,100,2
101,2,115.0,96,5,100,2
101,2,120.0,95,5,100,2
101,2,125.0,95,5,100,2
101,2,130.0,96,5,100,2
101,2,135.0,96,5,100,2
101,2,140.0,96,5,100,2
101,2,145.0,95,5,100,2
101,2,150.0,95,5,100,2
101,2,155.0,95,5,100,2
101,2,160.0,94,5,100,2
101,2,165.0,94,5,100,2
101,2,170.0,94,5,100,2
101,2,175.0,94,5,100,2
101,2,180.0,95,5,100,2
101,2,185.0,95,5,100,2
101,2,190.0,95,5,100,2
101,2,195.0,95,5,100,2
101,2,200.0,96,5,100,2
101,2,205.0,96,5,100,2
101,2,210.0,95,5,100,2
101,2,215.0,94,5,100,2
101,2,220.0,93,5,100,2
101,2,225.0,92,5,100,2
101,2,230.0,92,5,100,2
101,2,235.0,92,5,100,2
101,2,240.0,91,5,100,2
101,2,245.0,91,5,100,2
101,2,250.0,91,5,100,2
101,2,255.0,92,5,100,2
101,2,260.0,92,5,100,2
101,2,265.0,92,5,100,2
101,2,270.0,90,5,100,2
101,2,275.0,89,5,100,2
101,2,280.0,89,5,100,2
101,2,285.0,89,5,100,2
101,2,290.0,89,5,100,2
101,2,295.0,91,5,100,2
101,2,300.0,90,5,100,2
101,2,305.0,90,5,100,2
101,2,310.0,90,5,100,2
101,2,315.0,91,5,100,2
101,2,320.0,90,5,100,2
101,2,325.0,91,5,100,2
101,2,330.0,91,5,100,2
101,2,335.0,91,5,100,2
101,2,340.0,91,5,100,2
101,2,345.0,92,5,100,2
101,2,350.0,92,5,100,2
101,2,355.0,92,5,100,2
101,2,360.0,92,5,100,2
101,2,365.0,91,5,100,2
101,2,370.0,91,5,100,2
101,2,375.0,91,5,100,2
101,2,380.0,90,5,100,2
101,2,385.0,88,5,100,2
101,2,390.0,88,5,100,2
101,2,395.0,88,5,100,2
101,2,400.0,88,5,100,2
101,2,405.0,88,5,100,2
101,2,410.0,88,5,100,2
101,2,415.0,88,5,100,2
101,2,420.0,88,5,100,2
101,2,425.0,88,5,100,2
101,2,430.0,88,5,100,2
101,2,435.0,88,5,100,2
101,2,440.0,89,5,100,2
101,2,445.0,89,5,100,2
101,2,450.0,90,5,100,2
101,2,455.0,91,5,100,2
101,2,460.0,92,5,100,2
101,2,465.0,91,5,100,2
101,2,470.0,90,5,100,2
101,2,475.0,90,5,100,2
101,2,480.0,90,5,100,2
101,2,485.0,90,5,100,2
101,2,490.0,89,5,100,2
101,2,495.0,90,5,100,2
101,2,500.0,91,5,100,2
101,2,505.0,94,5,100,2
101,2,510.0,94,5,100,2
101,2,515.0,92,5,100,2
101,2,520.0,93,5,100,2
101,2,525.0,93,5,100,2
101,2,530.0,93,5,100,2
101,2,535.0,93,5,100,2
101,2,540.0,93,5,100,2
101,2,545.0,93,5,100,2
101,2,550.0,92,5,100,2
101,2,555.0,92,5,100,2
101,2,560.0,91,5,100,2
101,2,565.0,91,5,100,2
101,2,570.0,91,5,100,2
101,2,575.0,90,5,100,2
101,2,580.0,90,5,100,2
101,2,585.0,90,5,100,2
101,2,590.0,90,5,100,2
101,2,595.0,90,5,100,2
101,2,600.0,89,5,100,2
101,2,605.0,87,5,100,2
101,2,610.0,87,5,100,2
101,2,615.0,87,5,100,2
101,2,620.0,88,5,100,2
101,2,625.0,88,5,100,2
101,2,630.0,89,5,100,2
101,2,635.0,89,5,100,2
101,2,640.0,90,5,100,2
101,2,645.0,89,5,100,2
101,2,650.0,89,5,100,2
101,2,655.0,90,5,100,2
101,2,660.0,90,5,100,2
101,2,665.0,91,5,100,2
101,2,670.0,91,5,100,2
101,2,675.0,91,5,100,2
101,2,680.0,91,5,100,2
101,2,685.0,91,5,100,2
101,2,690.0,91,5,100,2
101,2,695.0,90,5,100,2
101,2,700.0,90,5,100,2
101,2,705.0,89,5,100,2
101,2,710.0,89,5,100,2
101,2,715.0,89,5,100,2
101,2,720.0,89,5,100,2
101,2,725.0,90,5,100,2
101,2,730.0,90,5,100,2
101,2,735.0,90,5,100,2
101,2,740.0,90,5,100,2
101,2,745.0,89,5,100,2
101,2,750.0,90,5,100,2
101,2,755.0,89,5,100,2
101,2,760.0,92,5,100,2
101,2,765.0,92,5,100,2
101,2,770.0,93,5,100,2
101,2,775.0,93,5,100,2
101,2,780.0,93,5,100,2
101,2,785.0,93,5,100,2
101,2,790.0,93,5,100,2
101,2,795.0,93,5,100,2
101,2,800.0,93,5,100,2
101,2,805.0,92,5,100,2
101,2,810.0,92,5,100,2
101,2,815.0,92,5,100,2
101,2,820.0,92,5,100,2
101,2,825.0,92,5,100,2
101,2,830.0,92,5,100,2
101,2,835.0,90,5,100,2
101,2,840.0,91,5,100,2
101,2,845.0,91,5,100,2
101,2,850.0,92,5,100,2
101,2,855.0,92,5,100,2
101,2,860.0,91,5,100,2
101,2,865.0,91,5,100,2
101,2,870.0,90,5,100,2
101,2,875.0,90,5,100,2
101,2,880.0,90,5,100,2
101,2,885.0,90,5,100,2
101,2,890.0,89,5,100,2
101,2,895.0,88,5,100,2
101,2,900.0,88,5,100,2
101,2,905.0,89,5,100,2
101,2,910.0,89,5,100,2
101,2,915.0,87,5,100,2
101,2,920.0,87,5,100,2
101,2,925.0,86,5,100,2
101,2,930.0,85,5,100,2
101,2,935.0,84,5,100,2
101,2,940.0,84,5,100,2
101,2,945.0,84,5,100,2
101,2,950.0,84,5,100,2
101,2,955.0,84,5,100,2
101,2,960.0,85,5,100,2
101,2,965.0,84,5,100,2
101,2,970.0,84,5,100,2
101,2,975.0,84,5,100,2
101,2,980.0,83,5,100,2
101,2,985.0,82,5,100,2
101,2,990.0,82,5,100,2
101,2,995.0,82,5,100,2
101,2,1000.0,81,5,100,2
101,2,1005.0,83,5,100,2
101,2,1010.0,83,5,100,2
101,2,1015.0,82,5,100,2
101,2,1020.0,82,5,100,2
101,2,1025.0,83,5,100,2
101,2,1030.0,84,5,100,2
101,2,1035.0,84,5,100,2
101,2,1040.0,85,5,100,2
101,2,1045.0,85,5,100,2
101,2,1050.0,85,5,100,2
101,2,1055.0,85,5,100,2
101,2,1060.0,88,5,100,2
101,2,1065.0,87,5,100,2
101,2,1070.0,87,5,100,2
101,2,1075.0,88,5,100,2
101,2,1080.0,87,5,100,2
101,2,1085.0,88,5,100,2
101,2,1090.0,87,5,100,2
101,2,1095.0,89,5,100,2
101,2,1100.0,90,5,100,2
101,2,1105.0,90,5,100,2
101,2,1110.0,90,5,100,2
101,2,1115.0,90,5,100,2
101,2,1120.0,90,5,100,2
101,2,1125.0,89,5,100,2
101,2,1130.0,89,5,100,2
101,2,1135.0,89,5,100,2
101,2,1140.0,89,5,100,2
101,2,1145.0,88,5,100,2
101,2,1150.0,90,5,100,2
101,2,1155.0,90,5,100,2
101,2,1160.0,88,5,100,2
101,2,1165.0,86,5,100,2
101,2,1170.0,86,5,100,2
101,2,1175.0,86,5,100,2
101,2,1180.0,86,5,100,2
101,2,1185.0,87,5,100,2
101,2,1190.0,87,5,100,2
101,2,1195.0,87,5,100,2
101,2,1200.0,87,5,100,2
101,2,1205.0,87,5,100,2
101,2,1210.0,88,5,100,2
101,2,1215.0,88,5,100,2
101,2,1220.0,88,5,100,2
101,2,1225.0,88,5,100,2
101,2,1230.0,87,5,100,2
101,2,1235.0,86,5,100,2
101,2,1240.0,85,5,100,2
101,2,1245.0,85,5,100,2
101,2,1250.0,85,5,100,2
101,2,1255.0,86,5,100,2
101,2,1260.0,88,5,100,2
101,2,1265.0,88,5,100,2
101,2,1270.0,88,5,100,2
101,2,1275.0,88,5,100,2
101,2,1280.0,87,5,100,2
101,2,1285.0,90,5,100,2
101,2,1290.0,89,5,100,2
101,2,1295.0,90,5,100,2
101,2,1300.0,89,5,100,2
101,2,1305.0,88,5,100,2
101,2,1310.0,88,5,100,2
101,2,1315.0,88,5,100,2
101,2,1320.0,89,5,100,2
101,2,1325.0,88,5,100,2
101,2,1330.0,88,5,100,2
101,2,1335.0,87,5,100,2
101,2,1340.0,87,5,100,2
101,2,1345.0,88,5,100,2
101,2,1350.0,87,5,100,2
101,2,1355.0,87,5,100,2
101,2,1360.0,87,5,100,2
101,2,1365.0,87,5,100,2
101,2,1370.0,88,5,100,2
101,2,1375.0,90,5,100,2
101,2,1380.0,91,5,100,2
101,2,1385.0,90,5,100,2
101,2,1390.0,90,5,100,2
101,2,1395.0,91,5,100,2
101,2,1400.0,93,5,100,2
101,2,1405.0,93,5,100,2
101,2,1410.0,92,5,100,2
101,2,1415.0,92,5,100,2
101,2,1420.0,92,5,100,2
101,2,1425.0,92,5,100,2
101,2,1430.0,93,5,100,2
101,2,1435.0,93,5,100,2
101,2,1440.0,91,5,100,2
101,2,1445.0,91,5,100,2
101,2,1450.0,91,5,100,2
101,2,1455.0,91,5,100,2
101,2,1460.0,91,5,100,2
101,2,1465.0,91,5,100,2
101,2,1470.0,90,5,100,2
101,2,1475.0,91,5,100,2
101,2,1480.0,90,5,100,2
101,2,1485.0,92,5,100,2
101,2,1490.0,92,5,100,2
101,2,1495.0,92,5,100,2
101,2,1500.0,91,5,100,2
101,2,1505.0,91,5,100,2
101,2,1510.0,92,5,100,2
101,2,1515.0,92,5,100,2
101,2,1520.0,89,5,100,2
101,2,1525.0,89,5,100,2
101,2,1530.0,89,5,100,2
101,2,1535.0,89,5,100,2
101,2,1540.0,89,5,100,2
101,2,1545.0,90,5,100,2
101,2,1550.0,89,5,100,2
101,2,1555.0,89,5,100,2
101,2,1560.0,88,5,100,2
101,2,1565.0,89,5,100,2
101,2,1570.0,88,5,100,2
101,2,1575.0,88,5,100,2
101,2,1580.0,88,5,100,2
101,2,1585.0,89,5,100,2
101,2,1590.0,89,5,100,2
101,2,1595.0,89,5,100,2
101,2,1600.0,89,5,100,2
101,2,1605.0,90,5,100,2
101,2,1610.0,90,5,100,2
101,2,1615.0,90,5,100,2
101,2,1620.0,90,5,100,2
101,2,1625.0,90,5,100,2
101,2,1630.0,90,5,100,2
101,2,1635.0,90,5,100,2
101,2,1640.0,90,5,100,2
101,2,1645.0,91,5,100,2
101,2,1650.0,91,5,100,2
101,3,5.0,99,5,100,2
101,3,10.0,98,5,100,2
101,3,15.0,97,5,100,2
101,3,20.0,97,5,100,2
101,3,25.0,96,5,100,2
101,3,30.0,96,5,100,2
101,3,35.0,96,5,100,2
101,3,40.0,96,5,100,2
101,3,45.0,93,5,100,2
101,3,50.0,93,5,100,2
101,3,55.0,93,5,100,2
101,3,60.0,93,5,100,2
101,3,65.0,93,5,100,2
101,3,70.0,93,5,100,2
101,3,75.0,92,5,100,2
101,3,80.0,92,5,100,2
101,3,85.0,92,5,100,2
101,3,90.0,93,5,100,2
101,3,95.0,93,5,100,2
101,3,100.0,92,5,100,2
101,3,105.0,92,5,100,2
101,3,110.0,92,5,100,2
101,3,115.0,91,5,100,2
101,3,120.0,90,5,100,2
101,3,125.0,90,5,100,2
101,3,130.0,90,5,100,2
101,3,135.0,91,5,100,2
101,3,140.0,91,5,100,2
101,3,145.0,92,5,100,2
101,3,150.0,92,5,100,2
101,3,155.0,92,5,100,2
101,3,160.0,93,5,100,2
101,3,165.0,92,5,100,2
101,3,170.0,90,5,100,2
101,3,175.0,91,5,100,2
101,3,180.0,91,5,100,2
101,3,185.0,91,5,100,2
101,3,190.0,90,5,100,2
101,3,195.0,90,5,100,2
101,3,200.0,90,5,100,2
101,3,205.0,90,5,100,2
101,3,210.0,90,5,100,2
101,3,215.0,90,5,100,2
101,3,220.0,91,5,100,2
101,3,225.0,91,5,100,2
101,3,230.0,90,5,100,2
101,3,235.0,89,5,100,2
101,3,240.0,90,5,100,2
101,3,245.0,90,5,100,2
101,3,250.0,91,5,100,2
101,3,255.0,89,5,100,2
101,3,260.0,90,5,100,2
101,3,265.0,91,5,100,2
101,3,270.0,91,5,100,2
101,3,275.0,91,5,100,2
101,3,280.0,92,5,100,2
101,3,285.0,91,5,100,2
101,3,290.0,91,5,100,2
101,3,295.0,91,5,100,2
101,3,300.0,91,5,100,2
101,3,305.0,91,5,100,2
101,3,310.0,91,5,100,2
101,3,315.0,91,5,100,2
101,3,320.0,92,5,100,2
101,3,325.0,92,5,100,2
101,3,330.0,93,5,100,2
101,3,335.0,93,5,100,2
101,3,340.0,93,5,100,2
101,3,345.0,92,5,100,2
101,3,350.0,92,5,100,2
101,3,355.0,92,5,100,2
101,3,360.0,93,5,100,2
101,3,365.0,93,5,100,2
101,3,370.0,91,5,100,2
101,3,375.0,91,5,100,2
101,3,380.0,91,5,100,2
101,3,385.0,91,5,100,2
101,3,390.0,89,5,100,2
101,3,395.0,89,5,100,2
101,3,400.0,89,5,100,2
101,3,405.0,90,5,100,2
101,3,410.0,90,5,100,2
101,3,415.0,91,5,100,2
101,3,420.0,91,5,100,2
101,3,425.0,91,5,100,2
101,3,430.0,91,5,100,2
101,3,435.0,91,5,100,2
101,3,440.0,91,5,100,2
101,3,445.0,90,5,100,2
101,3,450.0,90,5,100,2
101,3,455.0,89,5,100,2
101,3,460.0,89,5,100,2
101,3,465.0,89,5,100,2
101,3,470.0,88,5,100,2
101,3,475.0,89,5,100,2
101,3,480.0,90,5,100,2
101,3,485.0,89,5,100,2
101,3,490.0,89,5,100,2
101,3,495.0,89,5,100,2
101,3,500.0,89,5,100,2
101,3,505.0,89,5,100,2
101,3,510.0,89,5,100,2
101,3,515.0,90,5,100,2
101,3,520.0,90,5,100,2
101,3,525.0,90,5,100,2
101,3,530.0,90,5,100,2
101,3,535.0,90,5,100,2
101,3,540.0,90,5,100,2
101,3,545.0,90,5,100,2
101,3,550.0,90,5,100,2
101,3,555.0,90,5,100,2
101,3,560.0,91,5,100,2
101,3,565.0,91,5,100,2
101,3,570.0,93,5,100,2
101,3,575.0,92,5,100,2
101,3,580.0,92,5,100,2
101,3,585.0,92,5,100,2
101,3,590.0,92,5,100,2
101,3,595.0,92,5,100,2
101,3,600.0,91,5,100,2
101,3,605.0,90,5,100,2
101,3,610.0,90,5,100,2
101,3,615.0,90,5,100,2
101,3,620.0,90,5,100,2
101,3,625.0,89,5,100,2
101,3,630.0,89,5,100,2
101,3,635.0,89,5,100,2
101,3,640.0,89,5,100,2
101,3,645.0,87,5,100,2
101,3,650.0,88,5,100,2
101,3,655.0,89,5,100,2
101,3,660.0,89,5,100,2
101,3,665.0,89,5,100,2
101,3,670.0,88,5,100,2
101,3,675.0,88,5,100,2
101,3,680.0,87,5,100,2
101,3,685.0,87,5,100,2
101,3,690.0,87,5,100,2
101,3,695.0,87,5,100,2
101,3,700.0,87,5,100,2
101,3,705.0,87,5,100,2
101,3,710.0,87,5,100,2
101,3,715.0,86,5,100,2
101,3,720.0,88,5,100,2
101,3,725.0,89,5,100,2
101,3,730.0,89,5,100,2
101,3,735.0,89,5,100,2
101,3,740.0,88,5,100,2
101,3,745.0,89,5,100,2
101,3,750.0,90,5,100,2
101,3,755.0,89,5,100,2
101,3,760.0,89,5,100,2
101,3,765.0,88,5,100,2
101,3,770.0,90,5,100,2
101,3,775.0,90,5,100,2
101,3,780.0,91,5,100,2
101,3,785.0,92,5,100,2
101,3,790.0,91,5,100,2
101,3,795.0,92,5,100,2
101,3,800.0,92,5,100,2
101,3,805.0,92,5,100,2
101,3,810.0,92,5,100,2
101,3,815.0,92,5,100,2
101,3,820.0,92,5,100,2
101,3,825.0,92,5,100,2
101,3,830.0,92,5,100,2
101,3,835.0,92,5,100,2
101,3,840.0,92,5,100,2
101,3,845.0,92,5,100,2
101,3,850.0,92,5,100,2
101,3,855.0,93,5,100,2
101,3,860.0,93,5,100,2
101,3,865.0,93,5,100,2
101,3,870.0,93,5,100,2
101,3,875.0,93,5,100,2
101,3,880.0,93,5,100,2
101,3,885.0,93,5,100,2
101,3,890.0,93,5,100,2
101,3,895.0,93,5,100,2
101,3,900.0,94,5,100,2
101,3,905.0,95,5,100,2
101,3,910.0,95,5,100,2
101,3,915.0,94,5,100,2
101,3,920.0,94,5,100,2
101,3,925.0,94,5,100,2
101,3,930.0,94,5,100,2
101,3,935.0,94,5,100,2
101,3,940.0,95,5,100,2
101,3,945.0,94,5,100,2
101,3,950.0,93,5,100,2
101,3,955.0,95,5,100,2
101,3,960.0,95,5,100,2
101,3,965.0,95,5,100,2
101,3,970.0,93,5,100,2
101,3,975.0,93,5,100,2
101,3,980.0,93,5,100,2
101,3,985.0,93,5,100,2
101,3,990.0,92,5,100,2
101,3,995.0,92,5,100,2
101,3,1000.0,92,5,100,2
101,3,1005.0,91,5,100,2
101,3,1010.0,91,5,100,2
101,3,1015.0,91,5,100,2
101,3,1020.0,90,5,100,2
101,3,1025.0,93,5,100,2
101,3,1030.0,94,5,100,2
101,3,1035.0,94,5,100,2
101,3,1040.0,95,5,100,2
101,3,1045.0,95,5,100,2
101,3,1050.0,95,5,100,2
101,3,1055.0,95,5,100,2
101,3,1060.0,95,5,100,2
101,3,1065.0,95,5,100,2
101,3,1070.0,95,5,100,2
101,3,1075.0,95,5,100,2
101,3,1080.0,94,5,100,2
101,3,1085.0,93,5,100,2
101,3,1090.0,93,5,100,2
101,3,1095.0,93,5,100,2
101,3,1100.0,93,5,100,2
101,3,1105.0,93,5,100,2
101,3,1110.0,93,5,100,2
101,3,1115.0,89,5,100,2
101,3,1120.0,88,5,100,2
101,3,1125.0,88,5,100,2
101,3,1130.0,88,5,100,2
101,3,1135.0,88,5,100,2
101,3,1140.0,87,5,100,2
101,3,1145.0,88,5,100,2
101,3,1150.0,88,5,100,2
101,3,1155.0,88,5,100,2
101,3,1160.0,88,5,100,2
101,3,1165.0,88,5,100,2
101,3,1170.0,87,5,100,2
101,3,1175.0,87,5,100,2
101,3,1180.0,88,5,100,2
101,3,1185.0,88,5,100,2
101,3,1190.0,88,5,100,2
101,3,1195.0,88,5,100,2
101,3,1200.0,90,5,100,2
101,3,1205.0,89,5,100,2
101,3,1210.0,89,5,100,2
101,3,1215.0,89,5,100,2
101,3,1220.0,89,5,100,2
101,3,1225.0,91,5,100,2
101,3,1230.0,93,5,100,2
101,3,1235.0,93,5,100,2
101,3,1240.0,92,5,100,2
101,3,1245.0,92,5,100,2
101,3,1250.0,91,5,100,2
101,3,1255.0,90,5,100,2
101,3,1260.0,90,5,100,2
101,3,1265.0,89,5,100,2
101,3,1270.0,88,5,100,2
101,3,1275.0,88,5,100,2
101,3,1280.0,88,5,100,2
101,3,1285.0,89,5,100,2
101,3,1290.0,89,5,100,2
101,3,1295.0,89,5,100,2
101,3,1300.0,90,5,100,2
101,3,1305.0,89,5,100,2
101,3,1310.0,89,5,100,2
101,3,1315.0,89,5,100,2
101,3,1320.0,90,5,100,2
101,3,1325.0,92,5,100,2
101,3,1330.0,92,5,100,2
101,3,1335.0,91,5,100,2
101,3,1340.0,91,5,100,2
101,3,1345.0,91,5,100,2
101,3,1350.0,91,5,100,2
101,3,1355.0,91,5,100,2
101,3,1360.0,91,5,100,2
101,3,1365.0,91,5,100,2
101,3,1370.0,92,5,100,2
101,3,1375.0,94,5,100,2
101,3,1380.0,93,5,100,2
101,3,1385.0,94,5,100,2
101,3,1390.0,94,5,100,2
101,3,1395.0,94,5,100,2
101,3,1400.0,94,5,100,2
101,3,1405.0,94,5,100,2
101,3,1410.0,94,5,100,2
101,3,1415.0,94,5,100,2
101,3,1420.0,93,5,100,2
101,3,1425.0,92,5,100,2
101,3,1430.0,91,5,100,2
101,3,1435.0,90,5,100,2
101,3,1440.0,90,5,100,2
101,3,1445.0,91,5,100,2
101,3,1450.0,91,5,100,2
101,3,1455.0,92,5,100,2
101,3,1460.0,91,5,100,2
101,3,1465.0,92,5,100,2
101,3,1470.0,93,5,100,2
101,3,1475.0,93,5,100,2
101,3,1480.0,94,5,100,2
101,3,1485.0,94,5,100,2
101,3,1490.0,93,5,100,2
101,3,1495.0,93,5,100,2
101,3,1500.0,92,5,100,2
101,3,1505.0,92,5,100,2
101,3,1510.0,92,5,100,2
101,3,1515.0,93,5,100,2
101,3,1520.0,92,5,100,2
101,4,5.0,99,5,100,2
101,4,10.0,99,5,100,2
101,4,15.0,99,5,100,2
101,4,20.0,99,5,100,2
101,4,25.0,99,5,100,2
101,4,30.0,99,5,100,2
101,4,35.0,100,5,100,2
101,4,40.0,100,5,100,2
101,4,45.0,99,5,100,2
101,4,50.0,99,5,100,2
101,4,55.0,99,5,100,2
101,4,60.0,97,5,100,2
101,4,65.0,96,5,100,2
101,4,70.0,96,5,100,2
101,4,75.0,96,5,100,2
101,4,80.0,97,5,100,2
101,4,85.0,97,5,100,2
101,4,90.0,97,5,100,2
101,4,95.0,96,5,100,2
101,4,100.0,97,5,100,2
101,4,105.0,95,5,100,2
101,4,110.0,95,5,100,2
101,4,115.0,94,5,100,2
101,4,120.0,94,5,100,2
101,4,125.0,94,5,100,2
101,4,130.0,95,5,100,2
101,4,135.0,95,5,100,2
101,4,140.0,94,5,100,2
101,4,145.0,94,5,100,2
101,4,150.0,94,5,100,2
101,4,155.0,92,5,100,2
101,4,160.0,91,5,100,2
101,4,165.0,91,5,100,2
101,4,170.0,90,5,100,2
101,4,175.0,89,5,100,2
101,4,180.0,90,5,100,2
101,4,185.0,90,5,100,2
101,4,190.0,90,5,100,2
101,4,195.0,89,5,100,2
101,4,200.0,89,5,100,2
101,4,205.0,86,5,100,2
101,4,210.0,86,5,100,2
101,4,215.0,87,5,100,2
101,4,220.0,85,5,100,2
101,4,225.0,87,5,100,2
101,4,230.0,87,5,100,2
101,4,235.0,87,5,100,2
101,4,240.0,87,5,100,2
101,4,245.0,89,5,100,2
101,4,250.0,89,5,100,2
101,4,255.0,89,5,100,2
101,4,260.0,89,5,100,2
101,4,265.0,90,5,100,2
101,4,270.0,90,5,100,2
101,4,275.0,90,5,100,2
101,4,280.0,90,5,100,2
101,4,285.0,90,5,100,2
101,4,290.0,89,5,100,2
101,4,295.0,90,5,100,2
101,4,300.0,88,5,100,2
101,4,305.0,87,5,100,2
101,4,310.0,87,5,100,2
101,4,315.0,87,5,100,2
101,4,320.0,87,5,100,2
101,4,325.0,88,5,100,2
101,4,330.0,89,5,100,2
101,4,335.0,89,5,100,2
101,4,340.0,88,5,100,2
101,4,345.0,88,5,100,2
101,4,350.0,89,5,100,2
101,4,355.0,90,5,100,2
101,4,360.0,90,5,100,2
101,4,365.0,91,5,100,2
101,4,370.0,91,5,100,2
101,4,375.0,95,5,100,2
101,4,380.0,95,5,100,2
101,4,385.0,94,5,100,2
101,4,390.0,94,5,100,2
101,4,395.0,94,5,100,2
101,4,400.0,94,5,100,2
101,4,405.0,94,5,100,2
101,4,410.0,94,5,100,2
101,4,415.0,92,5,100,2
101,4,420.0,92,5,100,2
101,4,425.0,92,5,100,2
101,4,430.0,92,5,100,2
101,4,435.0,93,5,100,2
101,4,440.0,93,5,100,2
101,4,445.0,93,5,100,2
101,4,450.0,94,5,100,2
101,4,455.0,94,5,100,2
101,4,460.0,94,5,100,2
101,4,465.0,94,5,100,2
101,4,470.0,93,5,100,2
101,4,475.0,92,5,100,2
101,4,480.0,91,5,100,2
101,4,485.0,91,5,100,2
101,4,490.0,91,5,100,2
101,4,495.0,89,5,100,2
101,4,500.0,90,5,100,2
101,4,505.0,90,5,100,2
101,4,510.0,90,5,100,2
101,4,515.0,90,5,100,2
101,4,520.0,91,5,100,2
101,4,525.0,92,5,100,2
101,4,530.0,92,5,100,2
101,4,535.0,92,5,100,2
101,4,540.0,91,5,100,2
101,4,545.0,90,5,100,2
101,4,550.0,90,5,100,2
101,4,555.0,90,5,100,2
101,4,560.0,91,5,100,2
101,4,565.0,90,5,100,2
101,4,570.0,90,5,100,2
101,4,575.0,91,5,100,2
101,4,580.0,90,5,100,2
101,4,585.0,90,5,100,2
101,4,590.0,90,5,100,2
101,4,595.0,89,5,100,2
101,4,600.0,90,5,100,2
101,4,605.0,91,5,100,2
101,4,610.0,91,5,100,2
101,4,615.0,91,5,100,2
101,4,620.0,90,5,100,2
101,4,625.0,90,5,100,2
101,4,630.0,92,5,100,2
101,4,635.0,92,5,100,2
101,4,640.0,92,5,100,2
101,4,645.0,92,5,100,2
101,4,650.0,93,5,100,2
101,4,655.0,93,5,100,2
101,4,660.0,93,5,100,2
101,4,665.0,93,5,100,2
101,4,670.0,93,5,100,2
101,4,675.0,93,5,100,2
101,4,680.0,92,5,100,2
101,4,685.0,92,5,100,2
101,4,690.0,92,5,100,2
101,4,695.0,92,5,100,2
101,4,700.0,92,5,100,2
101,4,705.0,92,5,100,2
101,4,710.0,92,5,100,2
101,4,715.0,92,5,100,2
101,4,720.0,91,5,100,2
101,4,725.0,90,5,100,2
101,4,730.0,90,5,100,2
101,4,735.0,90,5,100,2
101,4,740.0,90,5,100,2
101,4,745.0,90,5,100,2
101,4,750.0,89,5,100,2
101,4,755.0,89,5,100,2
101,4,760.0,90,5,100,2
101,4,765.0,89,5,100,2
101,4,770.0,89,5,100,2
101,4,775.0,89,5,100,2
101,4,780.0,89,5,100,2
101,4,785.0,88,5,100,2
101,4,790.0,88,5,100,2
101,4,795.0,89,5,100,2
101,4,800.0,90,5,100,2
101,4,805.0,90,5,100,2
101,4,810.0,90,5,100,2
101,4,815.0,90,5,100,2
101,4,820.0,90,5,100,2
101,4,825.0,90,5,100,2
101,4,830.0,90,5,100,2
101,4,835.0,90,5,100,2
101,4,840.0,91,5,100,2
101,4,845.0,89,5,100,2
101,4,850.0,90,5,100,2
101,4,855.0,89,5,100,2
101,4,860.0,89,5,100,2
101,4,865.0,88,5,100,2
101,4,870.0,90,5,100,2
101,4,875.0,90,5,100,2
101,4,880.0,89,5,100,2
101,4,885.0,89,5,100,2
101,4,890.0,89,5,100,2
101,4,895.0,88,5,100,2
101,4,900.0,88,5,100,2
101,4,905.0,88,5,100,2
101,4,910.0,88,5,100,2
101,4,915.0,88,5,100,2
101,4,920.0,88,5,100,2
101,4,925.0,89,5,100,2
101,4,930.0,88,5,100,2
101,4,935.0,87,5,100,2
101,4,940.0,86,5,100,2
101,4,945.0,86,5,100,2
101,4,950.0,86,5,100,2
101,4,955.0,87,5,100,2
101,4,960.0,87,5,100,2
101,4,965.0,88,5,100,2
101,4,970.0,87,5,100,2
101,4,975.0,86,5,100,2
101,4,980.0,87,5,100,2
101,4,985.0,87,5,100,2
101,4,990.0,87,5,100,2
101,4,995.0,86,5,100,2
101,4,1000.0,86,5,100,2
101,4,1005.0,85,5,100,2
101,4,1010.0,84,5,100,2
101,4,1015.0,84,5,100,2
101,4,1020.0,84,5,100,2
101,4,1025.0,84,5,100,2
101,4,1030.0,85,5,100,2
101,4,1035.0,85,5,100,2
101,4,1040.0,86,5,100,2
101,4,1045.0,86,5,100,2
101,4,1050.0,86,5,100,2
101,4,1055.0,86,5,100,2
101,4,1060.0,85,5,100,2
101,4,1065.0,83,5,100,2
101,4,1070.0,83,5,100,2
101,4,1075.0,83,5,100,2
101,4,1080.0,83,5,100,2
101,4,1085.0,83,5,100,2
101,4,1090.0,83,5,100,2
101,4,1095.0,82,5,100,2
101,4,1100.0,84,5,100,2
101,4,1105.0,86,5,100,2
101,4,1110.0,86,5,100,2
101,4,1115.0,86,5,100,2
101,4,1120.0,86,5,100,2
101,4,1125.0,86,5,100,2
101,4,1130.0,86,5,100,2
101,4,1135.0,87,5,100,2
101,4,1140.0,88,5,100,2
101,4,1145.0,89,5,100,2
101,4,1150.0,89,5,100,2
101,4,1155.0,87,5,100,2
101,4,1160.0,86,5,100,2
101,4,1165.0,87,5,100,2
101,4,1170.0,87,5,100,2
101,4,1175.0,86,5,100,2
101,4,1180.0,85,5,100,2
101,4,1185.0,85,5,100,2
101,4,1190.0,87,5,100,2
101,4,1195.0,87,5,100,2
101,4,1200.0,86,5,100,2
101,4,1205.0,86,5,100,2
101,4,1210.0,85,5,100,2
101,4,1215.0,85,5,100,2
101,4,1220.0,83,5,100,2
101,4,1225.0,84,5,100,2
101,4,1230.0,84,5,100,2
101,4,1235.0,85,5,100,2
101,4,1240.0,86,5,100,2
101,4,1245.0,87,5,100,2
101,4,1250.0,87,5,100,2
101,4,1255.0,87,5,100,2
101,4,1260.0,86,5,100,2
101,4,1265.0,86,5,100,2
101,4,1270.0,86,5,100,2
101,4,1275.0,87,5,100,2
101,4,1280.0,86,5,100,2
101,4,1285.0,85,5,100,2
101,4,1290.0,85,5,100,2
101,4,1295.0,84,5,100,2
101,4,1300.0,84,5,100,2
101,4,1305.0,85,5,100,2
101,4,1310.0,85,5,100,2
101,4,1315.0,85,5,100,2
101,4,1320.0,84,5,100,2
101,4,1325.0,84,5,100,2
101,4,1330.0,84,5,100,2
101,4,1335.0,85,5,100,2
101,4,1340.0,86,5,100,2
101,4,1345.0,88,5,100,2
101,4,1350.0,87,5,100,2
101,4,1355.0,87,5,100,2
101,4,1360.0,89,5,100,2
101,4,1365.0,90,5,100,2
101,4,1370.0,89,5,100,2
101,4,1375.0,89,5,100,2
101,4,1380.0,90,5,100,2
101,4,1385.0,91,5,100,2
101,4,1390.0,93,5,100,2
101,4,1395.0,93,5,100,2
101,4,1400.0,93,5,100,2
101,4,1405.0,93,5,100,2
101,4,1410.0,92,5,100,2
101,4,1415.0,91,5,100,2
101,4,1420.0,91,5,100,2
101,4,1425.0,92,5,100,2
101,4,1430.0,91,5,100,2
101,4,1435.0,91,5,100,2
101,4,1440.0,91,5,100,2
101,4,1445.0,91,5,100,2
101,4,1450.0,91,5,100,2
101,4,1455.0,91,5,100,2
101,4,1460.0,91,5,100,2
101,4,1465.0,90,5,100,2
101,4,1470.0,90,5,100,2
101,4,1475.0,90,5,100,2
101,4,1480.0,89,5,100,2
101,4,1485.0,88,5,100,2
101,4,1490.0,88,5,100,2
101,4,1495.0,88,5,100,2
101,4,1500.0,87,5,100,2
101,4,1505.0,87,5,100,2
101,4,1510.0,87,5,100,2
101,4,1515.0,87,5,100,2
101,4,1520.0,87,5,100,2
101,5,5.0,100,5,100,2
101,5,10.0,99,5,100,2
101,5,15.0,99,5,100,2
101,5,20.0,97,5,100,2
101,5,25.0,97,5,100,2
101,5,30.0,95,5,100,2
101,5,35.0,95,5,100,2
101,5,40.0,95,5,100,2
101,5,45.0,95,5,100,2
101,5,50.0,95,5,100,2
101,5,55.0,94,5,100,2
101,5,60.0,94,5,100,2
101,5,65.0,94,5,100,2
101,5,70.0,94,5,100,2
101,5,75.0,97,5,100,2
101,5,80.0,96,5,100,2
101,5,85.0,96,5,100,2
101,5,90.0,96,5,100,2
101,5,95.0,96,5,100,2
101,5,100.0,95,5,100,2
101,5,105.0,94,5,100,2
101,5,110.0,94,5,100,2
101,5,115.0,94,5,100,2
101,5,120.0,94,5,100,2
101,5,125.0,94,5,100,2
101,5,130.0,93,5,100,2
101,5,135.0,93,5,100,2
101,5,140.0,93,5,100,2
101,5,145.0,93,5,100,2
101,5,150.0,92,5,100,2
101,5,155.0,92,5,100,2
101,5,160.0,93,5,100,2
101,5,165.0,92,5,100,2
101,5,170.0,92,5,100,2
101,5,175.0,91,5,100,2
101,5,180.0,90,5,100,2
101,5,185.0,89,5,100,2
101,5,190.0,89,5,100,2
101,5,195.0,89,5,100,2
101,5,200.0,89,5,100,2
101,5,205.0,89,5,100,2
101,5,210.0,89,5,100,2
101,5,215.0,88,5,100,2
101,5,220.0,88,5,100,2
101,5,225.0,88,5,100,2
101,5,230.0,89,5,100,2
101,5,235.0,89,5,100,2
101,5,240.0,89,5,100,2
101,5,245.0,89,5,100,2
101,5,250.0,89,5,100,2
101,5,255.0,89,5,100,2
101,5,260.0,89,5,100,2
101,5,265.0,89,5,100,2
101,5,270.0,89,5,100,2
101,5,275.0,90,5,100,2
101,5,280.0,90,5,100,2
101,5,285.0,90,5,100,2
101,5,290.0,88,5,100,2
101,5,295.0,87,5,100,2
101,5,300.0,86,5,100,2
101,5,305.0,86,5,100,2
101,5,310.0,86,5,100,2
101,5,315.0,87,5,100,2
101,5,320.0,87,5,100,2
101,5,325.0,86,5,100,2
101,5,330.0,86,5,100,2
101,5,335.0,88,5,100,2
101,5,340.0,89,5,100,2
101,5,345.0,89,5,100,2
101,5,350.0,89,5,100,2
101,5,355.0,89,5,100,2
101,5,360.0,88,5,100,2
101,5,365.0,88,5,100,2
101,5,370.0,86,5,100,2
101,5,375.0,85,5,100,2
101,5,380.0,86,5,100,2
101,5,385.0,86,5,100,2
101,5,390.0,88,5,100,2
101,5,395.0,87,5,100,2
101,5,400.0,87,5,100,2
101,5,405.0,87,5,100,2
101,5,410.0,88,5,100,2
101,5,415.0,88,5,100,2
101,5,420.0,86,5,100,2
101,5,425.0,86,5,100,2
101,5,430.0,87,5,100,2
101,5,435.0,87,5,100,2
101,5,440.0,87,5,100,2
101,5,445.0,86,5,100,2
101,5,450.0,86,5,100,2
101,5,455.0,86,5,100,2
101,5,460.0,87,5,100,2
101,5,465.0,86,5,100,2
101,5,470.0,84,5,100,2
101,5,475.0,86,5,100,2
101,5,480.0,87,5,100,2
101,5,485.0,86,5,100,2
101,5,490.0,86,5,100,2
101,5,495.0,87,5,100,2
101,5,500.0,87,5,100,2
101,5,505.0,88,5,100,2
101,5,510.0,88,5,100,2
101,5,515.0,88,5,100,2
101,5,520.0,89,5,100,2
101,5,525.0,89,5,100,2
101,5,530.0,89,5,100,2
101,5,535.0,88,5,100,2
101,5,540.0,87,5,100,2
101,5,545.0,87,5,100,2
101,5,550.0,86,5,100,2
101,5,555.0,86,5,100,2
101,5,560.0,86,5,100,2
101,5,565.0,86,5,100,2
101,5,570.0,86,5,100,2
101,5,575.0,84,5,100,2
101,5,580.0,86,5,100,2
101,5,585.0,85,5,100,2
101,5,590.0,84,5,100,2
101,5,595.0,85,5,100,2
101,5,600.0,85,5,100,2
101,5,605.0,85,5,100,2
101,5,610.0,85,5,100,2
101,5,615.0,85,5,100,2
101,5,620.0,85,5,100,2
101,5,625.0,84,5,100,2
101,5,630.0,85,5,100,2
101,5,635.0,87,5,100,2
101,5,640.0,88,5,100,2
101,5,645.0,89,5,100,2
101,5,650.0,89,5,100,2
101,5,655.0,89,5,100,2
101,5,660.0,88,5,100,2
101,5,665.0,88,5,100,2
101,5,670.0,88,5,100,2
101,5,675.0,88,5,100,2
101,5,680.0,86,5,100,2
101,5,685.0,86,5,100,2
101,5,690.0,87,5,100,2
101,5,695.0,87,5,100,2
101,5,700.0,86,5,100,2
101,5,705.0,86,5,100,2
101,5,710.0,85,5,100,2
101,5,715.0,85,5,100,2
101,5,720.0,87,5,100,2
101,5,725.0,87,5,100,2
101,5,730.0,87,5,100,2
101,5,735.0,86,5,100,2
101,5,740.0,86,5,100,2
101,5,745.0,85,5,100,2
101,5,750.0,84,5,100,2
101,5,755.0,86,5,100,2
101,5,760.0,87,5,100,2
101,5,765.0,86,5,100,2
101,5,770.0,86,5,100,2
101,5,775.0,86,5,100,2
101,5,780.0,86,5,100,2
101,5,785.0,87,5,100,2
101,5,790.0,87,5,100,2
101,5,795.0,87,5,100,2
101,5,800.0,89,5,100,2
101,5,805.0,88,5,100,2
101,5,810.0,88,5,100,2
101,5,815.0,88,5,100,2
101,5,820.0,89,5,100,2
101,5,825.0,89,5,100,2
101,5,830.0,87,5,100,2
101,5,835.0,89,5,100,2
101,5,840.0,89,5,100,2
101,5,845.0,89,5,100,2
101,5,850.0,89,5,100,2
101,5,855.0,88,5,100,2
101,5,860.0,87,5,100,2
101,5,865.0,85,5,100,2
101,5,870.0,85,5,100,2
101,5,875.0,85,5,100,2
101,5,880.0,84,5,100,2
101,5,885.0,84,5,100,2
101,5,890.0,83,5,100,2
101,5,895.0,82,5,100,2
101,5,900.0,82,5,100,2
101,5,905.0,83,5,100,2
101,5,910.0,83,5,100,2
101,5,915.0,83,5,100,2
101,5,920.0,82,5,100,2
101,5,925.0,82,5,100,2
101,5,930.0,82,5,100,2
101,5,935.0,83,5,100,2
101,5,940.0,85,5,100,2
101,5,945.0,86,5,100,2
101,5,950.0,85,5,100,2
101,5,955.0,86,5,100,2
101,5,960.0,88,5,100,2
101,5,965.0,89,5,100,2
101,5,970.0,88,5,100,2
101,5,975.0,88,5,100,2
101,5,980.0,87,5,100,2
101,5,985.0,87,5,100,2
101,5,990.0,87,5,100,2
101,5,995.0,88,5,100,2
101,5,1000.0,87,5,100,2
101,5,1005.0,87,5,100,2
101,5,1010.0,88,5,100,2
101,5,1015.0,88,5,100,2
101,5,1020.0,88,5,100,2
101,5,1025.0,88,5,100,2
101,5,1030.0,88,5,100,2
101,5,1035.0,88,5,100,2
101,5,1040.0,89,5,100,2
101,5,1045.0,89,5,100,2
101,5,1050.0,90,5,100,2
101,5,1055.0,90,5,100,2
101,5,1060.0,91,5,100,2
101,5,1065.0,92,5,100,2
101,5,1070.0,92,5,100,2
101,5,1075.0,92,5,100,2
101,5,1080.0,93,5,100,2
101,5,1085.0,93,5,100,2
101,5,1090.0,93,5,100,2
101,5,1095.0,93,5,100,2
101,5,1100.0,93,5,100,2
101,5,1105.0,92,5,100,2
101,5,1110.0,92,5,100,2
101,5,1115.0,92,5,100,2
101,5,1120.0,91,5,100,2
101,5,1125.0,91,5,100,2
101,5,1130.0,91,5,100,2
101,5,1135.0,91,5,100,2
101,5,1140.0,92,5,100,2
101,5,1145.0,92,5,100,2
101,5,1150.0,92,5,100,2
101,5,1155.0,91,5,100,2
101,5,1160.0,91,5,100,2
101,5,1165.0,92,5,100,2
101,5,1170.0,90,5,100,2
101,5,1175.0,90,5,100,2
101,5,1180.0,90,5,100,2
101,5,1185.0,91,5,100,2
101,5,1190.0,91,5,100,2
101,5,1195.0,91,5,100,2
101,5,1200.0,91,5,100,2
101,5,1205.0,91,5,100,2
101,5,1210.0,92,5,100,2
101,5,1215.0,92,5,100,2
101,5,1220.0,92,5,100,2
101,5,1225.0,93,5,100,2
101,5,1230.0,92,5,100,2
101,5,1235.0,91,5,100,2
101,5,1240.0,90,5,100,2
101,5,1245.0,90,5,100,2
101,5,1250.0,89,5,100,2
101,5,1255.0,90,5,100,2
101,5,1260.0,91,5,100,2
101,5,1265.0,91,5,100,2
101,5,1270.0,91,5,100,2
101,5,1275.0,91,5,100,2
101,5,1280.0,90,5,100,2
101,5,1285.0,90,5,100,2
101,5,1290.0,90,5,100,2
101,5,1295.0,90,5,100,2
101,5,1300.0,91,5,100,2
101,5,1305.0,91,5,100,2
101,5,1310.0,89,5,100,2
101,5,1315.0,90,5,100,2
101,5,1320.0,89,5,100,2
101,5,1325.0,88,5,100,2
101,5,1330.0,89,5,100,2
101,5,1335.0,89,5,100,2
101,5,1340.0,91,5,100,2
101,5,1345.0,92,5,100,2
101,5,1350.0,91,5,100,2
101,5,1355.0,91,5,100,2
101,5,1360.0,92,5,100,2
101,5,1365.0,92,5,100,2
101,5,1370.0,90,5,100,2
101,5,1375.0,89,5,100,2
101,5,1380.0,89,5,100,2
101,5,1385.0,88,5,100,2
101,5,1390.0,87,5,100,2
101,5,1395.0,87,5,100,2
101,5,1400.0,88,5,100,2
101,5,1405.0,86,5,100,2
101,5,1410.0,87,5,100,2
101,5,1415.0,85,5,100,2
101,5,1420.0,86,5,100,2
101,5,1425.0,86,5,100,2
101,5,1430.0,86,5,100,2
101,5,1435.0,87,5,100,2
101,5,1440.0,88,5,100,2
101,5,1445.0,88,5,100,2
101,5,1450.0,88,5,100,2
101,5,1455.0,89,5,100,2
101,5,1460.0,88,5,100,2
101,5,1465.0,88,5,100,2
101,5,1470.0,88,5,100,2
101,5,1475.0,89,5,100,2
101,5,1480.0,89,5,100,2
101,5,1485.0,91,5,100,2
101,5,1490.0,91,5,100,2
101,5,1495.0,92,5,100,2
101,5,1500.0,92,5,100,2
101,5,1505.0,92,5,100,2
101,5,1510.0,92,5,100,2
101,5,1515.0,92,5,100,2
101,5,1520.0,93,5,100,2
101,5,1525.0,93,5,100,2
102,1,5.0,1,0,100,2
102,1,10.0,1,0,100,2
102,1,15.0,1,0,100,2
102,1,20.0,1,0,100,2
102,1,25.0,1,0,100,2
102,1,30.0,1,0,100,2
102,1,35.0,1,0,100,2
102,1,40.0,1,0,100,2
102,1,45.0,1,0,100,2
102,1,50.0,1,0,100,2
102,1,55.0,1,0,100,2
102,1,60.0,1,0,100,2
102,1,65.0,1,0,100,2
102,1,70.0,1,0,100,2
102,1,75.0,1,0,100,2
102,1,80.0,1,0,100,2
102,1,85.0,1,0,100,2
102,1,90.0,1,0,100,2
102,1,95.0,1,0,100,2
102,1,100.0,1,0,100,2
102,1,105.0,1,0,100,2
102,1,110.0,1,0,100,2
102,1,115.0,1,0,100,2
102,1,120.0,1,0,100,2
102,1,125.0,1,0,100,2
102,1,130.0,1,0,100,2
102,1,135.0,1,0,100,2
102,1,140.0,1,0,100,2
102,1,145.0,1,0,100,2
102,1,150.0,1,0,100,2
102,1,155.0,1,0,100,2
102,1,160.0,1,0,100,2
102,1,165.0,1,0,100,2
102,1,170.0,1,0,100,2
102,1,175.0,1,0,100,2
102,1,180.0,1,0,100,2
102,1,185.0,1,0,100,2
102,1,190.0,1,0,100,2
102,1,195.0,1,0,100,2
102,1,200.0,1,0,100,2
102,1,205.0,1,0,100,2
102,1,210.0,1,0,100,2
102,1,215.0,1,0,100,2
102,1,220.0,1,0,100,2
102,1,225.0,1,0,100,2
102,1,230.0,1,0,100,2
102,1,235.0,1,0,100,2
102,1,240.0,1,0,100,2
102,1,245.0,1,0,100,2
102,1,250.0,1,0,100,2
102,1,255.0,1,0,100,2
102,1,260.0,1,0,100,2
102,1,265.0,1,0,100,2
102,1,270.0,1,0,100,2
102,1,275.0,1,0,100,2
102,1,280.0,1,0,100,2
102,1,285.0,1,0,100,2
102,1,290.0,1,0,100,2
102,1,295.0,1,0,100,2
102,1,300.0,1,0,100,2
102,1,305.0,1,0,100,2
102,1,310.0,1,0,100,2
102,1,315.0,1,0,100,2
102,1,320.0,1,0,100,2
102,1,325.0,1,0,100,2
102,1,330.0,1,0,100,2
102,1,335.0,1,0,100,2
102,1,340.0,1,0,100,2
102,1,345.0,1,0,100,2
102,1,350.0,1,0,100,2
102,1,355.0,1,0,100,2
102,1,360.0,1,0,100,2
102,1,365.0,1,0,100,2
102,1,370.0,1,0,100,2
102,1,375.0,1,0,100,2
102,1,380.0,1,0,100,2
102,1,385.0,1,0,100,2
102,1,390.0,1,0,100,2
102,1,395.0,1,0,100,2
102,1,400.0,1,0,100,2
102,1,405.0,1,0,100,2
102,1,410.0,1,0,100,2
102,1,415.0,1,0,100,2
102,1,420.0,1,0,100,2
102,1,425.0,1,0,100,2
102,1,430.0,1,0,100,2
102,1,435.0,1,0,100,2
102,1,440.0,1,0,100,2
102,1,445.0,1,0,100,2
102,1,450.0,1,0,100,2
102,1,455.0,1,0,100,2
102,1,460.0,1,0,100,2
102,1,465.0,1,0,100,2
102,1,470.0,1,0,100,2
102,1,475.0,1,0,100,2
102,1,480.0,1,0,100,2
102,1,485.0,1,0,100,2
102,1,490.0,1,0,100,2
102,1,495.0,1,0,100,2
102,1,500.0,1,0,100,2
102,1,505.0,1,0,100,2
102,1,510.0,1,0,100,2
102,1,515.0,1,0,100,2
102,1,520.0,1,0,100,2
102,1,525.0,1,0,100,2
102,1,530.0,1,0,100,2
102,1,535.0,1,0,100,2
102,1,540.0,1,0,100,2
102,1,545.0,1,0,100,2
102,1,550.0,1,0,100,2
102,1,555.0,1,0,100,2
102,1,560.0,1,0,100,2
102,1,565.0,1,0,100,2
102,1,570.0,1,0,100,2
102,1,575.0,1,0,100,2
102,1,580.0,1,0,100,2
102,1,585.0,1,0,100,2
102,1,590.0,1,0,100,2
102,1,595.0,1,0,100,2
102,1,600.0,1,0,100,2
102,1,605.0,1,0,100,2
102,1,610.0,1,0,100,2
102,1,615.0,1,0,100,2
102,1,620.0,1,0,100,2
102,1,625.0,2,0,100,2
102,1,630.0,2,0,100,2
102,1,635.0,2,0,100,2
102,1,640.0,2,0,100,2
102,1,645.0,2,0,100,2
102,1,650.0,3,0,100,2
102,1,655.0,3,0,100,2
102,1,660.0,4,0,100,2
102,1,665.0,4,0,100,2
102,1,670.0,4,0,100,2
102,1,675.0,4,0,100,2
102,1,680.0,4,0,100,2
102,1,685.0,4,0,100,2
102,1,690.0,4,0,100,2
102,1,695.0,4,0,100,2
102,1,700.0,4,0,100,2
102,1,705.0,4,0,100,2
102,1,710.0,5,0,100,2
102,1,715.0,5,0,100,2
102,1,720.0,5,0,100,2
102,1,725.0,8,0,100,2
102,1,730.0,8,0,100,2
102,1,735.0,8,0,100,2
102,1,740.0,8,0,100,2
102,1,745.0,8,0,100,2
102,1,750.0,8,0,100,2
102,1,755.0,9,0,100,2
102,1,760.0,9,0,100,2
102,1,765.0,9,0,100,2
102,1,770.0,9,0,100,2
102,1,775.0,9,0,100,2
102,1,780.0,9,0,100,2
102,1,785.0,9,0,100,2
102,1,790.0,9,0,100,2
102,1,795.0,9,0,100,2
102,1,800.0,9,0,100,2
102,1,805.0,10,0,100,2
102,1,810.0,11,0,100,2
102,1,815.0,11,0,100,2
102,1,820.0,11,0,100,2
102,1,825.0,11,0,100,2
102,1,830.0,11,0,100,2
102,1,835.0,11,0,100,2
102,1,840.0,11,0,100,2
102,1,845.0,13,0,100,2
102,1,850.0,13,0,100,2
102,1,855.0,13,0,100,2
102,1,860.0,13,0,100,2
102,1,865.0,14,0,100,2
102,1,870.0,15,0,100,2
102,1,875.0,16,0,100,2
102,1,880.0,16,0,100,2
102,1,885.0,16,0,100,2
102,1,890.0,16,0,100,2
102,1,895.0,16,0,100,2
102,1,900.0,16,0,100,2
102,1,905.0,16,0,100,2
102,1,910.0,16,0,100,2
102,1,915.0,17,0,100,2
102,1,920.0,17,0,100,2
102,1,925.0,17,0,100,2
102,1,930.0,17,0,100,2
102,1,935.0,17,0,100,2
102,1,940.0,18,0,100,2
102,1,945.0,18,0,100,2
102,1,950.0,19,0,100,2
102,1,955.0,19,0,100,2
102,1,960.0,19,0,100,2
102,1,965.0,19,0,100,2
102,1,970.0,19,0,100,2
102,1,975.0,20,0,100,2
102,1,980.0,20,0,100,2
102,1,985.0,20,0,100,2
102,1,990.0,20,0,100,2
102,1,995.0,20,0,100,2
102,1,1000.0,20,0,100,2
102,1,1005.0,21,0,100,2
102,1,1010.0,22,0,100,2
102,1,1015.0,22,0,100,2
102,1,1020.0,22,0,100,2
102,1,1025.0,23,0,100,2
102,1,1030.0,23,0,100,2
102,1,1035.0,23,0,100,2
102,1,1040.0,23,0,100,2
102,1,1045.0,24,0,100,2
102,1,1050.0,24,0,100,2
102,1,1055.0,25,0,100,2
102,1,1060.0,26,0,100,2
102,1,1065.0,26,0,100,2
102,1,1070.0,26,0,100,2
102,1,1075.0,26,0,100,2
102,1,1080.0,26,0,100,2
102,1,1085.0,26,0,100,2
102,1,1090.0,26,0,100,2
102,1,1095.0,26,0,100,2
102,1,1100.0,27,0,100,2
102,1,1105.0,27,0,100,2
102,1,1110.0,27,0,100,2
102,1,1115.0,30,0,100,2
102,1,1120.0,30,0,100,2
102,1,1125.0,33,0,100,2
102,1,1130.0,33,0,100,2
102,1,1135.0,33,0,100,2
102,1,1140.0,33,0,100,2
102,1,1145.0,34,0,100,2
102,1,1150.0,38,0,100,2
102,1,1155.0,41,0,100,2
102,1,1160.0,41,0,100,2
102,1,1165.0,41,0,100,2
102,1,1170.0,41,0,100,2
102,1,1175.0,43,0,100,2
102,1,1180.0,43,0,100,2
102,1,1185.0,44,0,100,2
102,1,1190.0,45,0,100,2
102,1,1195.0,46,0,100,2
102,1,1200.0,46,0,100,2
102,1,1205.0,46,0,100,2
102,1,1210.0,46,0,100,2
102,1,1215.0,46,0,100,2
102,1,1220.0,46,0,100,2
102,1,1225.0,46,0,100,2
102,1,1230.0,46,0,100,2
102,1,1235.0,47,0,100,2
102,1,1240.0,48,0,100,2
102,1,1245.0,48,0,100,2
102,1,1250.0,48,0,100,2
102,1,1255.0,48,0,100,2
102,1,1260.0,48,0,100,2
102,1,1265.0,50,0,100,2
102,1,1270.0,50,0,100,2
102,1,1275.0,50,0,100,2
102,1,1280.0,50,0,100,2
102,1,1285.0,51,0,100,2
102,1,1290.0,51,0,100,2
102,1,1295.0,53,0,100,2
102,1,1300.0,53,0,100,2
102,1,1305.0,55,0,100,2
102,1,1310.0,56,0,100,2
102,1,1315.0,57,0,100,2
102,1,1320.0,57,0,100,2
102,1,1325.0,57,0,100,2
102,1,1330.0,58,0,100,2
102,1,1335.0,58,0,100,2
102,1,1340.0,58,0,100,2
102,1,1345.0,59,0,100,2
102,1,1350.0,59,0,100,2
102,1,1355.0,59,0,100,2
102,1,1360.0,59,0,100,2
102,1,1365.0,61,0,100,2
102,1,1370.0,62,0,100,2
102,1,1375.0,64,0,100,2
102,1,1380.0,64,0,100,2
102,1,1385.0,65,0,100,2
102,1,1390.0,66,0,100,2
102,1,1395.0,66,0,100,2
102,1,1400.0,66,0,100,2
102,1,1405.0,66,0,100,2
102,1,1410.0,66,0,100,2
102,1,1415.0,67,0,100,2
102,1,1420.0,67,0,100,2
102,1,1425.0,68,0,100,2
102,1,1430.0,69,0,100,2
102,1,1435.0,70,0,100,2
102,1,1440.0,71,0,100,2
102,1,1445.0,71,0,100,2
102,1,1450.0,71,0,100,2
102,1,1455.0,71,0,100,2
102,1,1460.0,71,0,100,2
102,1,1465.0,72,0,100,2
102,1,1470.0,76,0,100,2
102,1,1475.0,77,0,100,2
102,1,1480.0,77,0,100,2
102,1,1485.0,78,0,100,2
102,1,1490.0,78,0,100,2
102,1,1495.0,78,0,100,2
102,1,1500.0,78,0,100,2
102,1,1505.0,78,0,100,2
102,1,1510.0,78,0,100,2
102,1,1515.0,78,0,100,2
102,1,1520.0,78,0,100,2
102,1,1525.0,78,0,100,2
102,2,5.0,1,0,100,2
102,2,10.0,1,0,100,2
102,2,15.0,1,0,100,2
102,2,20.0,1,0,100,2
102,2,25.0,1,0,100,2
102,2,30.0,1,0,100,2
102,2,35.0,1,0,100,2
102,2,40.0,1,0,100,2
102,2,45.0,1,0,100,2
102,2,50.0,1,0,100,2
102,2,55.0,1,0,100,2
102,2,60.0,1,0,100,2
102,2,65.0,1,0,100,2
102,2,70.0,1,0,100,2
102,2,75.0,1,0,100,2
102,2,80.0,1,0,100,2
102,2,85.0,1,0,100,2
102,2,90.0,1,0,100,2
102,2,95.0,1,0,100,2
102,2,100.0,1,0,100,2
102,2,105.0,1,0,100,2
102,2,110.0,1,0,100,2
102,2,115.0,1,0,100,2
102,2,120.0,1,0,100,2
102,2,125.0,1,0,100,2
102,2,130.0,1,0,100,2
102,2,135.0,1,0,100,2
102,2,140.0,1,0,100,2
102,2,145.0,1,0,100,2
102,2,150.0,1,0,100,2
102,2,155.0,1,0,100,2
102,2,160.0,1,0,100,2
102,2,165.0,1,0,100,2
102,2,170.0,1,0,100,2
102,2,175.0,1,0,100,2
102,2,180.0,1,0,100,2
102,2,185.0,1,0,100,2
102,2,190.0,1,0,100,2
102,2,195.0,1,0,100,2
102,2,200.0,1,0,100,2
102,2,205.0,1,0,100,2
102,2,210.0,1,0,100,2
102,2,215.0,1,0,100,2
102,2,220.0,2,0,100,2
102,2,225.0,2,0,100,2
102,2,230.0,2,0,100,2
102,2,235.0,2,0,100,2
102,2,240.0,2,0,100,2
102,2,245.0,2,0,100,2
102,2,250.0,2,0,100,2
102,2,255.0,2,0,100,2
102,2,260.0,2,0,100,2
102,2,265.0,2,0,100,2
102,2,270.0,2,0,100,2
102,2,275.0,2,0,100,2
102,2,280.0,2,0,100,2
102,2,285.0,2,0,100,2
102,2,290.0,3,0,100,2
102,2,295.0,3,0,100,2
102,2,300.0,3,0,100,2
102,2,305.0,3,0,100,2
102,2,310.0,3,0,100,2
102,2,315.0,3,0,100,2
102,2,320.0,3,0,100,2
102,2,325.0,3,0,100,2
102,2,330.0,3,0,100,2
102,2,335.0,3,0,100,2
102,2,340.0,3,0,100,2
102,2,345.0,3,0,100,2
102,2,350.0,3,0,100,2
102,2,355.0,3,0,100,2
102,2,360.0,3,0,100,2
102,2,365.0,3,0,100,2
102,2,370.0,3,0,100,2
102,2,375.0,3,0,100,2
102,2,380.0,3,0,100,2
102,2,385.0,3,0,100,2
102,2,390.0,3,0,100,2
102,2,395.0,3,0,100,2
102,2,400.0,3,0,100,2
102,2,405.0,3,0,100,2
102,2,410.0,3,0,100,2
102,2,415.0,3,0,100,2
102,2,420.0,3,0,100,2
102,2,425.0,3,0,100,2
102,2,430.0,3,0,100,2
102,2,435.0,3,0,100,2
102,2,440.0,3,0,100,2
102,2,445.0,3,0,100,2
102,2,450.0,3,0,100,2
102,2,455.0,3,0,100,2
102,2,460.0,3,0,100,2
102,2,465.0,3,0,100,2
102,2,470.0,3,0,100,2
102,2,475.0,3,0,100,2
102,2,480.0,3,0,100,2
102,2,485.0,3,0,100,2
102,2,490.0,3,0,100,2
102,2,495.0,3,0,100,2
102,2,500.0,4,0,100,2
102,2,505.0,4,0,100,2
102,2,510.0,4,0,100,2
102,2,515.0,4,0,100,2
102,2,520.0,5,0,100,2
102,2,525.0,7,0,100,2
102,2,530.0,7,0,100,2
102,2,535.0,7,0,100,2
102,2,540.0,7,0,100,2
102,2,545.0,7,0,100,2
102,2,550.0,8,0,100,2
102,2,555.0,8,0,100,2
102,2,560.0,8,0,100,2
102,2,565.0,8,0,100,2
102,2,570.0,8,0,100,2
102,2,575.0,8,0,100,2
102,2,580.0,8,0,100,2
102,2,585.0,8,0,100,2
102,2,590.0,9,0,100,2
102,2,595.0,9,0,100,2
102,2,600.0,9,0,100,2
102,2,605.0,9,0,100,2
102,2,610.0,9,0,100,2
102,2,615.0,10,0,100,2
102,2,620.0,10,0,100,2
102,2,625.0,10,0,100,2
102,2,630.0,10,0,100,2
102,2,635.0,11,0,100,2
102,2,640.0,12,0,100,2
102,2,645.0,12,0,100,2
102,2,650.0,12,0,100,2
102,2,655.0,12,0,100,2
102,2,660.0,12,0,100,2
102,2,665.0,12,0,100,2
102,2,670.0,12,0,100,2
102,2,675.0,13,0,100,2
102,2,680.0,13,0,100,2
102,2,685.0,13,0,100,2
102,2,690.0,13,0,100,2
102,2,695.0,13,0,100,2
102,2,700.0,13,0,100,2
102,2,705.0,13,0,100,2
102,2,710.0,13,0,100,2
102,2,715.0,13,0,100,2
102,2,720.0,13,0,100,2
102,2,725.0,14,0,100,2
102,2,730.0,16,0,100,2
102,2,735.0,17,0,100,2
102,2,740.0,18,0,100,2
102,2,745.0,19,0,100,2
102,2,750.0,19,0,100,2
102,2,755.0,21,0,100,2
102,2,760.0,22,0,100,2
102,2,765.0,22,0,100,2
102,2,770.0,23,0,100,2
102,2,775.0,23,0,100,2
102,2,780.0,23,0,100,2
102,2,785.0,23,0,100,2
102,2,790.0,23,0,100,2
102,2,795.0,24,0,100,2
102,2,800.0,25,0,100,2
102,2,805.0,25,0,100,2
102,2,810.0,25,0,100,2
102,2,815.0,27,0,100,2
102,2,820.0,27,0,100,2
102,2,825.0,28,0,100,2
102,2,830.0,28,0,100,2
102,2,835.0,28,0,100,2
102,2,840.0,29,0,100,2
102,2,845.0,31,0,100,2
102,2,850.0,31,0,100,2
102,2,855.0,32,0,100,2
102,2,860.0,33,0,100,2
102,2,865.0,33,0,100,2
102,2,870.0,34,0,100,2
102,2,875.0,34,0,100,2
102,2,880.0,35,0,100,2
102,2,885.0,35,0,100,2
102,2,890.0,35,0,100,2
102,2,895.0,36,0,100,2
102,2,900.0,36,0,100,2
102,2,905.0,37,0,100,2
102,2,910.0,39,0,100,2
102,2,915.0,40,0,100,2
102,2,920.0,41,0,100,2
102,2,925.0,41,0,100,2
102,2,930.0,41,0,100,2
102,2,935.0,41,0,100,2
102,2,940.0,41,0,100,2
102,2,945.0,41,0,100,2
102,2,950.0,42,0,100,2
102,2,955.0,42,0,100,2
102,2,960.0,43,0,100,2
102,2,965.0,45,0,100,2
102,2,970.0,45,0,100,2
102,2,975.0,45,0,100,2
102,2,980.0,46,0,100,2
102,2,985.0,46,0,100,2
102,2,990.0,46,0,100,2
102,2,995.0,46,0,100,2
102,2,1000.0,46,0,100,2
102,2,1005.0,46,0,100,2
102,2,1010.0,46,0,100,2
102,2,1015.0,46,0,100,2
102,2,1020.0,47,0,100,2
102,2,1025.0,47,0,100,2
102,2,1030.0,48,0,100,2
102,2,1035.0,48,0,100,2
102,2,1040.0,49,0,100,2
102,2,1045.0,49,0,100,2
102,2,1050.0,49,0,100,2
102,2,1055.0,50,0,100,2
102,2,1060.0,50,0,100,2
102,2,1065.0,50,0,100,2
102,2,1070.0,51,0,100,2
102,2,1075.0,51,0,100,2
102,2,1080.0,51,0,100,2
102,2,1085.0,52,0,100,2
102,2,1090.0,52,0,100,2
102,2,1095.0,53,0,100,2
102,2,1100.0,53,0,100,2
102,2,1105.0,53,0,100,2
102,2,1110.0,53,0,100,2
102,2,1115.0,53,0,100,2
102,2,1120.0,53,0,100,2
102,2,1125.0,53,0,100,2
102,2,1130.0,53,0,100,2
102,2,1135.0,54,0,100,2
102,2,1140.0,55,0,100,2
102,2,1145.0,57,0,100,2
102,2,1150.0,57,0,100,2
102,2,1155.0,57,0,100,2
102,2,1160.0,57,0,100,2
102,2,1165.0,58,0,100,2
102,2,1170.0,58,0,100,2
102,2,1175.0,60,0,100,2
102,2,1180.0,61,0,100,2
102,2,1185.0,61,0,100,2
102,2,1190.0,61,0,100,2
102,2,1195.0,61,0,100,2
102,2,1200.0,61,0,100,2
102,2,1205.0,62,0,100,2
102,2,1210.0,62,0,100,2
102,2,1215.0,62,0,100,2
102,2,1220.0,62,0,100,2
102,2,1225.0,63,0,100,2
102,2,1230.0,64,0,100,2
102,2,1235.0,64,0,100,2
102,2,1240.0,64,0,100,2
102,2,1245.0,64,0,100,2
102,2,1250.0,64,0,100,2
102,2,1255.0,64,0,100,2
102,2,1260.0,64,0,100,2
102,2,1265.0,66,0,100,2
102,2,1270.0,66,0,100,2
102,2,1275.0,66,0,100,2
102,2,1280.0,66,0,100,2
102,2,1285.0,66,0,100,2
102,2,1290.0,66,0,100,2
102,2,1295.0,67,0,100,2
102,2,1300.0,67,0,100,2
102,2,1305.0,68,0,100,2
102,2,1310.0,68,0,100,2
102,2,1315.0,68,0,100,2
102,2,1320.0,68,0,100,2
102,2,1325.0,69,0,100,2
102,2,1330.0,69,0,100,2
102,2,1335.0,69,0,100,2
102,2,1340.0,69,0,100,2
102,2,1345.0,69,0,100,2
102,2,1350.0,71,0,100,2
102,2,1355.0,71,0,100,2
102,2,1360.0,72,0,100,2
102,2,1365.0,73,0,100,2
102,2,1370.0,73,0,100,2
102,2,1375.0,74,0,100,2
102,2,1380.0,75,0,100,2
102,2,1385.0,75,0,100,2
102,2,1390.0,75,0,100,2
102,2,1395.0,75,0,100,2
102,2,1400.0,75,0,100,2
102,2,1405.0,75,0,100,2
102,2,1410.0,75,0,100,2
102,2,1415.0,75,0,100,2
102,2,1420.0,76,0,100,2
102,2,1425.0,76,0,100,2
102,2,1430.0,76,0,100,2
102,2,1435.0,77,0,100,2
102,2,1440.0,77,0,100,2
102,2,1445.0,77,0,100,2
102,2,1450.0,78,0,100,2
102,2,1455.0,78,0,100,2
102,2,1460.0,78,0,100,2
102,2,1465.0,78,0,100,2
102,2,1470.0,78,0,100,2
102,2,1475.0,78,0,100,2
102,2,1480.0,78,0,100,2
102,2,1485.0,78,0,100,2
102,2,1490.0,78,0,100,2
102,2,1495.0,78,0,100,2
102,2,1500.0,79,0,100,2
102,2,1505.0,79,0,100,2
102,2,1510.0,79,0,100,2
102,2,1515.0,79,0,100,2
102,2,1520.0,79,0,100,2
102,2,1525.0,81,0,100,2
102,3,5.0,1,0,100,2
102,3,10.0,1,0,100,2
102,3,15.0,1,0,100,2
102,3,20.0,1,0,100,2
102,3,25.0,1,0,100,2
102,3,30.0,1,0,100,2
102,3,35.0,1,0,100,2
102,3,40.0,1,0,100,2
102,3,45.0,1,0,100,2
102,3,50.0,1,0,100,2
102,3,55.0,1,0,100,2
102,3,60.0,1,0,100,2
102,3,65.0,1,0,100,2
102,3,70.0,1,0,100,2
102,3,75.0,1,0,100,2
102,3,80.0,1,0,100,2
102,3,85.0,1,0,100,2
102,3,90.0,1,0,100,2
102,3,95.0,1,0,100,2
102,3,100.0,2,0,100,2
102,3,105.0,2,0,100,2
102,3,110.0,2,0,100,2
102,3,115.0,4,0,100,2
102,3,120.0,4,0,100,2
102,3,125.0,4,0,100,2
102,3,130.0,4,0,100,2
102,3,135.0,4,0,100,2
102,3,140.0,7,0,100,2
102,3,145.0,7,0,100,2
102,3,150.0,8,0,100,2
102,3,155.0,8,0,100,2
102,3,160.0,8,0,100,2
102,3,165.0,8,0,100,2
102,3,170.0,8,0,100,2
102,3,175.0,8,0,100,2
102,3,180.0,8,0,100,2
102,3,185.0,8,0,100,2
102,3,190.0,8,0,100,2
102,3,195.0,9,0,100,2
102,3,200.0,9,0,100,2
102,3,205.0,12,0,100,2
102,3,210.0,12,0,100,2
102,3,215.0,12,0,100,2
102,3,220.0,12,0,100,2
102,3,225.0,14,0,100,2
102,3,230.0,14,0,100,2
102,3,235.0,14,0,100,2
102,3,240.0,14,0,100,2
102,3,245.0,15,0,100,2
102,3,250.0,15,0,100,2
102,3,255.0,15,0,100,2
102,3,260.0,15,0,100,2
102,3,265.0,15,0,100,2
102,3,270.0,15,0,100,2
102,3,275.0,15,0,100,2
102,3,280.0,15,0,100,2
102,3,285.0,15,0,100,2
102,3,290.0,15,0,100,2
102,3,295.0,15,0,100,2
102,3,300.0,15,0,100,2
102,3,305.0,15,0,100,2
102,3,310.0,15,0,100,2
102,3,315.0,15,0,100,2
102,3,320.0,15,0,100,2
102,3,325.0,15,0,100,2
102,3,330.0,15,0,100,2
102,3,335.0,15,0,100,2
102,3,340.0,16,0,100,2
102,3,345.0,16,0,100,2
102,3,350.0,16,0,100,2
102,3,355.0,17,0,100,2
102,3,360.0,17,0,100,2
102,3,365.0,17,0,100,2
102,3,370.0,17,0,100,2
102,3,375.0,17,0,100,2
102,3,380.0,17,0,100,2
102,3,385.0,18,0,100,2
102,3,390.0,19,0,100,2
102,3,395.0,19,0,100,2
102,3,400.0,21,0,100,2
102,3,405.0,21,0,100,2
102,3,410.0,21,0,100,2
102,3,415.0,21,0,100,2
102,3,420.0,21,0,100,2
102,3,425.0,21,0,100,2
102,3,430.0,21,0,100,2
102,3,435.0,21,0,100,2
102,3,440.0,21,0,100,2
102,3,445.0,23,0,100,2
102,3,450.0,23,0,100,2
102,3,455.0,23,0,100,2
102,3,460.0,24,0,100,2
102,3,465.0,24,0,100,2
102,3,470.0,25,0,100,2
102,3,475.0,25,0,100,2
102,3,480.0,26,0,100,2
102,3,485.0,26,0,100,2
102,3,490.0,26,0,100,2
102,3,495.0,26,0,100,2
102,3,500.0,26,0,100,2
102,3,505.0,26,0,100,2
102,3,510.0,26,0,100,2
102,3,515.0,26,0,100,2
102,3,520.0,26,0,100,2
102,3,525.0,27,0,100,2
102,3,530.0,27,0,100,2
102,3,535.0,27,0,100,2
102,3,540.0,27,0,100,2
102,3,545.0,28,0,100,2
102,3,550.0,28,0,100,2
102,3,555.0,28,0,100,2
102,3,560.0,28,0,100,2
102,3,565.0,28,0,100,2
102,3,570.0,28,0,100,2
102,3,575.0,30,0,100,2
102,3,580.0,30,0,100,2
102,3,585.0,30,0,100,2
102,3,590.0,32,0,100,2
102,3,595.0,32,0,100,2
102,3,600.0,32,0,100,2
102,3,605.0,33,0,100,2
102,3,610.0,34,0,100,2
102,3,615.0,34,0,100,2
102,3,620.0,35,0,100,2
102,3,625.0,36,0,100,2
102,3,630.0,37,0,100,2
102,3,635.0,37,0,100,2
102,3,640.0,37,0,100,2
102,3,645.0,38,0,100,2
102,3,650.0,38,0,100,2
102,3,655.0,38,0,100,2
102,3,660.0,39,0,100,2
102,3,665.0,39,0,100,2
102,3,670.0,40,0,100,2
102,3,675.0,40,0,100,2
102,3,680.0,40,0,100,2
102,3,685.0,40,0,100,2
102,3,690.0,40,0,100,2
102,3,695.0,41,0,100,2
102,3,700.0,41,0,100,2
102,3,705.0,41,0,100,2
102,3,710.0,41,0,100,2
102,3,715.0,42,0,100,2
102,3,720.0,42,0,100,2
102,3,725.0,43,0,100,2
102,3,730.0,43,0,100,2
102,3,735.0,43,0,100,2
102,3,740.0,43,0,100,2
102,3,745.0,43,0,100,2
102,3,750.0,43,0,100,2
102,3,755.0,45,0,100,2
102,3,760.0,45,0,100,2
102,3,765.0,45,0,100,2
102,3,770.0,45,0,100,2
102,3,775.0,45,0,100,2
102,3,780.0,45,0,100,2
102,3,785.0,46,0,100,2
102,3,790.0,46,0,100,2
102,3,795.0,47,0,100,2
102,3,800.0,47,0,100,2
102,3,805.0,48,0,100,2
102,3,810.0,48,0,100,2
102,3,815.0,48,0,100,2
102,3,820.0,49,0,100,2
102,3,825.0,49,0,100,2
102,3,830.0,49,0,100,2
102,3,835.0,50,0,100,2
102,3,840.0,50,0,100,2
102,3,845.0,51,0,100,2
102,3,850.0,51,0,100,2
102,3,855.0,51,0,100,2
102,3,860.0,51,0,100,2
102,3,865.0,53,0,100,2
102,3,870.0,54,0,100,2
102,3,875.0,55,0,100,2
102,3,880.0,56,0,100,2
102,3,885.0,56,0,100,2
102,3,890.0,56,0,100,2
102,3,895.0,57,0,100,2
102,3,900.0,57,0,100,2
102,3,905.0,57,0,100,2
102,3,910.0,58,0,100,2
102,3,915.0,59,0,100,2
102,3,920.0,59,0,100,2
102,3,925.0,60,0,100,2
102,3,930.0,60,0,100,2
102,3,935.0,60,0,100,2
102,3,940.0,60,0,100,2
102,3,945.0,61,0,100,2
102,3,950.0,61,0,100,2
102,3,955.0,61,0,100,2
102,3,960.0,62,0,100,2
102,3,965.0,63,0,100,2
102,3,970.0,64,0,100,2
102,3,975.0,65,0,100,2
102,3,980.0,65,0,100,2
102,3,985.0,65,0,100,2
102,3,990.0,66,0,100,2
102,3,995.0,66,0,100,2
102,3,1000.0,66,0,100,2
102,3,1005.0,66,0,100,2
102,3,1010.0,66,0,100,2
102,3,1015.0,66,0,100,2
102,3,1020.0,66,0,100,2
102,3,1025.0,66,0,100,2
102,3,1030.0,66,0,100,2
102,3,1035.0,67,0,100,2
102,3,1040.0,69,0,100,2
102,3,1045.0,69,0,100,2
102,3,1050.0,69,0,100,2
102,3,1055.0,69,0,100,2
102,3,1060.0,69,0,100,2
102,3,1065.0,69,0,100,2
102,3,1070.0,69,0,100,2
102,3,1075.0,70,0,100,2
102,3,1080.0,71,0,100,2
102,3,1085.0,72,0,100,2
102,3,1090.0,72,0,100,2
102,3,1095.0,73,0,100,2
102,3,1100.0,73,0,100,2
102,3,1105.0,74,0,100,2
102,3,1110.0,74,0,100,2
102,3,1115.0,74,0,100,2
102,3,1120.0,75,0,100,2
102,3,1125.0,75,0,100,2
102,3,1130.0,75,0,100,2
102,3,1135.0,75,0,100,2
102,3,1140.0,75,0,100,2
102,3,1145.0,75,0,100,2
102,3,1150.0,75,0,100,2
102,3,1155.0,75,0,100,2
102,3,1160.0,77,0,100,2
102,3,1165.0,77,0,100,2
102,3,1170.0,78,0,100,2
102,3,1175.0,79,0,100,2
102,3,1180.0,79,0,100,2
102,3,1185.0,79,0,100,2
102,3,1190.0,79,0,100,2
102,3,1195.0,79,0,100,2
102,3,1200.0,79,0,100,2
102,3,1205.0,80,0,100,2
102,3,1210.0,80,0,100,2
102,3,1215.0,80,0,100,2
102,3,1220.0,81,0,100,2
102,3,1225.0,81,0,100,2
102,3,1230.0,81,0,100,2
102,3,1235.0,81,0,100,2
102,3,1240.0,81,0,100,2
102,3,1245.0,81,0,100,2
102,3,1250.0,81,0,100,2
102,3,1255.0,81,0,100,2
102,3,1260.0,81,0,100,2
102,3,1265.0,81,0,100,2
102,3,1270.0,82,0,100,2
102,3,1275.0,82,0,100,2
102,3,1280.0,82,0,100,2
102,3,1285.0,82,0,100,2
102,3,1290.0,82,0,100,2
102,3,1295.0,82,0,100,2
102,3,1300.0,82,0,100,2
102,3,1305.0,82,0,100,2
102,3,1310.0,82,0,100,2
102,3,1315.0,83,0,100,2
102,3,1320.0,83,0,100,2
102,3,1325.0,83,0,100,2
102,3,1330.0,83,0,100,2
102,3,1335.0,84,0,100,2
102,3,1340.0,84,0,100,2
102,3,1345.0,85,0,100,2
102,3,1350.0,86,0,100,2
102,3,1355.0,87,0,100,2
102,3,1360.0,87,0,100,2
102,3,1365.0,87,0,100,2
102,3,1370.0,87,0,100,2
102,3,1375.0,87,0,100,2
102,3,1380.0,87,0,100,2
102,3,1385.0,87,0,100,2
102,3,1390.0,87,0,100,2
102,3,1395.0,87,0,100,2
102,3,1400.0,87,0,100,2
102,3,1405.0,87,0,100,2
102,3,1410.0,87,0,100,2
102,3,1415.0,88,0,100,2
102,3,1420.0,89,0,100,2
102,3,1425.0,89,0,100,2
102,3,1430.0,89,0,100,2
102,3,1435.0,92,0,100,2
102,3,1440.0,92,0,100,2
102,3,1445.0,92,0,100,2
102,3,1450.0,92,0,100,2
102,3,1455.0,93,0,100,2
102,3,1460.0,93,0,100,2
102,3,1465.0,93,0,100,2
102,3,1470.0,93,0,100,2
102,3,1475.0,94,0,100,2
102,3,1480.0,94,0,100,2
102,3,1485.0,94,0,100,2
102,3,1490.0,94,0,100,2
102,3,1495.0,94,0,100,2
102,3,1500.0,94,0,100,2
102,3,1505.0,95,0,100,2
102,3,1510.0,95,0,100,2
102,3,1515.0,95,0,100,2
102,3,1520.0,95,0,100,2
102,3,1525.0,96,0,100,2
102,4,5.0,1,0,100,2
102,4,10.0,2,0,100,2
102,4,15.0,2,0,100,2
102,4,20.0,2,0,100,2
102,4,25.0,2,0,100,2
102,4,30.0,2,0,100,2
102,4,35.0,2,0,100,2
102,4,40.0,2,0,100,2
102,4,45.0,2,0,100,2
102,4,50.0,2,0,100,2
102,4,55.0,2,0,100,2
102,4,60.0,2,0,100,2
102,4,65.0,2,0,100,2
102,4,70.0,2,0,100,2
102,4,75.0,2,0,100,2
102,4,80.0,2,0,100,2
102,4,85.0,2,0,100,2
102,4,90.0,2,0,100,2
102,4,95.0,2,0,100,2
102,4,100.0,2,0,100,2
102,4,105.0,2,0,100,2
102,4,110.0,2,0,100,2
102,4,115.0,2,0,100,2
102,4,120.0,2,0,100,2
102,4,125.0,2,0,100,2
102,4,130.0,2,0,100,2
102,4,135.0,2,0,100,2
102,4,140.0,2,0,100,2
102,4,145.0,2,0,100,2
102,4,150.0,2,0,100,2
102,4,155.0,2,0,100,2
102,4,160.0,2,0,100,2
102,4,165.0,4,0,100,2
102,4,170.0,4,0,100,2
102,4,175.0,4,0,100,2
102,4,180.0,4,0,100,2
102,4,185.0,4,0,100,2
102,4,190.0,4,0,100,2
102,4,195.0,4,0,100,2
102,4,200.0,4,0,100,2
102,4,205.0,4,0,100,2
102,4,210.0,4,0,100,2
102,4,215.0,5,0,100,2
102,4,220.0,5,0,100,2
102,4,225.0,5,0,100,2
102,4,230.0,5,0,100,2
102,4,235.0,5,0,100,2
102,4,240.0,5,0,100,2
102,4,245.0,5,0,100,2
102,4,250.0,6,0,100,2
102,4,255.0,6,0,100,2
102,4,260.0,6,0,100,2
102,4,265.0,8,0,100,2
102,4,270.0,10,0,100,2
102,4,275.0,10,0,100,2
102,4,280.0,10,0,100,2
102,4,285.0,11,0,100,2
102,4,290.0,11,0,100,2
102,4,295.0,11,0,100,2
102,4,300.0,11,0,100,2
102,4,305.0,11,0,100,2
102,4,310.0,11,0,100,2
102,4,315.0,11,0,100,2
102,4,320.0,13,0,100,2
102,4,325.0,13,0,100,2
102,4,330.0,13,0,100,2
102,4,335.0,14,0,100,2
102,4,340.0,14,0,100,2
102,4,345.0,14,0,100,2
102,4,350.0,14,0,100,2
102,4,355.0,14,0,100,2
102,4,360.0,14,0,100,2
102,4,365.0,14,0,100,2
102,4,370.0,14,0,100,2
102,4,375.0,14,0,100,2
102,4,380.0,14,0,100,2
102,4,385.0,14,0,100,2
102,4,390.0,14,0,100,2
102,4,395.0,14,0,100,2
102,4,400.0,14,0,100,2
102,4,405.0,14,0,100,2
102,4,410.0,14,0,100,2
102,4,415.0,14,0,100,2
102,4,420.0,14,0,100,2
102,4,425.0,14,0,100,2
102,4,430.0,14,0,100,2
102,4,435.0,14,0,100,2
102,4,440.0,14,0,100,2
102,4,445.0,14,0,100,2
102,4,450.0,15,0,100,2
102,4,455.0,15,0,100,2
102,4,460.0,17,0,100,2
102,4,465.0,17,0,100,2
102,4,470.0,17,0,100,2
102,4,475.0,17,0,100,2
102,4,480.0,19,0,100,2
102,4,485.0,19,0,100,2
102,4,490.0,20,0,100,2
102,4,495.0,20,0,100,2
102,4,500.0,21,0,100,2
102,4,505.0,21,0,100,2
102,4,510.0,23,0,100,2
102,4,515.0,24,0,100,2
102,4,520.0,26,0,100,2
102,4,525.0,27,0,100,2
102,4,530.0,27,0,100,2
102,4,535.0,28,0,100,2
102,4,540.0,31,0,100,2
102,4,545.0,32,0,100,2
102,4,550.0,32,0,100,2
102,4,555.0,33,0,100,2
102,4,560.0,33,0,100,2
102,4,565.0,34,0,100,2
102,4,570.0,34,0,100,2
102,4,575.0,34,0,100,2
102,4,580.0,35,0,100,2
102,4,585.0,36,0,100,2
102,4,590.0,37,0,100,2
102,4,595.0,38,0,100,2
102,4,600.0,38,0,100,2
102,4,605.0,39,0,100,2
102,4,610.0,39,0,100,2
102,4,615.0,39,0,100,2
102,4,620.0,39,0,100,2
102,4,625.0,39,0,100,2
102,4,630.0,39,0,100,2
102,4,635.0,41,0,100,2
102,4,640.0,41,0,100,2
102,4,645.0,41,0,100,2
102,4,650.0,43,0,100,2
102,4,655.0,44,0,100,2
102,4,660.0,44,0,100,2
102,4,665.0,44,0,100,2
102,4,670.0,44,0,100,2
102,4,675.0,44,0,100,2
102,4,680.0,44,0,100,2
102,4,685.0,44,0,100,2
102,4,690.0,44,0,100,2
102,4,695.0,44,0,100,2
102,4,700.0,44,0,100,2
102,4,705.0,44,0,100,2
102,4,710.0,44,0,100,2
102,4,715.0,44,0,100,2
102,4,720.0,44,0,100,2
102,4,725.0,45,0,100,2
102,4,730.0,45,0,100,2
102,4,735.0,46,0,100,2
102,4,740.0,46,0,100,2
102,4,745.0,48,0,100,2
102,4,750.0,51,0,100,2
102,4,755.0,52,0,100,2
102,4,760.0,52,0,100,2
102,4,765.0,52,0,100,2
102,4,770.0,52,0,100,2
102,4,775.0,54,0,100,2
102,4,780.0,55,0,100,2
102,4,785.0,55,0,100,2
102,4,790.0,55,0,100,2
102,4,795.0,55,0,100,2
102,4,800.0,55,0,100,2
102,4,805.0,56,0,100,2
102,4,810.0,56,0,100,2
102,4,815.0,56,0,100,2
102,4,820.0,57,0,100,2
102,4,825.0,58,0,100,2
102,4,830.0,58,0,100,2
102,4,835.0,58,0,100,2
102,4,840.0,58,0,100,2
102,4,845.0,58,0,100,2
102,4,850.0,58,0,100,2
102,4,855.0,59,0,100,2
102,4,860.0,59,0,100,2
102,4,865.0,60,0,100,2
102,4,870.0,61,0,100,2
102,4,875.0,61,0,100,2
102,4,880.0,61,0,100,2
102,4,885.0,62,0,100,2
102,4,890.0,62,0,100,2
102,4,895.0,62,0,100,2
102,4,900.0,62,0,100,2
102,4,905.0,62,0,100,2
102,4,910.0,62,0,100,2
102,4,915.0,64,0,100,2
102,4,920.0,64,0,100,2
102,4,925.0,64,0,100,2
102,4,930.0,64,0,100,2
102,4,935.0,65,0,100,2
102,4,940.0,65,0,100,2
102,4,945.0,65,0,100,2
102,4,950.0,65,0,100,2
102,4,955.0,65,0,100,2
102,4,960.0,65,0,100,2
102,4,965.0,65,0,100,2
102,4,970.0,65,0,100,2
102,4,975.0,65,0,100,2
102,4,980.0,66,0,100,2
102,4,985.0,66,0,100,2
102,4,990.0,67,0,100,2
102,4,995.0,71,0,100,2
102,4,1000.0,71,0,100,2
102,4,1005.0,71,0,100,2
102,4,1010.0,71,0,100,2
102,4,1015.0,71,0,100,2
102,4,1020.0,71,0,100,2
102,4,1025.0,71,0,100,2
102,4,1030.0,71,0,100,2
102,4,1035.0,71,0,100,2
102,4,1040.0,71,0,100,2
102,4,1045.0,72,0,100,2
102,4,1050.0,72,0,100,2
102,4,1055.0,72,0,100,2
102,4,1060.0,73,0,100,2
102,4,1065.0,73,0,100,2
102,4,1070.0,73,0,100,2
102,4,1075.0,74,0,100,2
102,4,1080.0,74,0,100,2
102,4,1085.0,74,0,100,2
102,4,1090.0,74,0,100,2
102,4,1095.0,74,0,100,2
102,4,1100.0,74,0,100,2
102,4,1105.0,74,0,100,2
102,4,1110.0,74,0,100,2
102,4,1115.0,74,0,100,2
102,4,1120.0,74,0,100,2
102,4,1125.0,75,0,100,2
102,4,1130.0,75,0,100,2
102,4,1135.0,75,0,100,2
102,4,1140.0,75,0,100,2
102,4,1145.0,75,0,100,2
102,4,1150.0,75,0,100,2
102,4,1155.0,75,0,100,2
102,4,1160.0,76,0,100,2
102,4,1165.0,76,0,100,2
102,4,1170.0,76,0,100,2
102,4,1175.0,76,0,100,2
102,4,1180.0,76,0,100,2
102,4,1185.0,77,0,100,2
102,4,1190.0,78,0,100,2
102,4,1195.0,78,0,100,2
102,4,1200.0,78,0,100,2
102,4,1205.0,78,0,100,2
102,4,1210.0,78,0,100,2
102,4,1215.0,78,0,100,2
102,4,1220.0,78,0,100,2
102,4,1225.0,78,0,100,2
102,4,1230.0,78,0,100,2
102,4,1235.0,78,0,100,2
102,4,1240.0,78,0,100,2
102,4,1245.0,79,0,100,2
102,4,1250.0,79,0,100,2
102,4,1255.0,79,0,100,2
102,4,1260.0,79,0,100,2
102,4,1265.0,79,0,100,2
102,4,1270.0,79,0,100,2
102,4,1275.0,80,0,100,2
102,4,1280.0,81,0,100,2
102,4,1285.0,81,0,100,2
102,4,1290.0,81,0,100,2
102,4,1295.0,81,0,100,2
102,4,1300.0,81,0,100,2
102,4,1305.0,81,0,100,2
102,4,1310.0,81,0,100,2
102,4,1315.0,82,0,100,2
102,4,1320.0,82,0,100,2
102,4,1325.0,82,0,100,2
102,4,1330.0,84,0,100,2
102,4,1335.0,84,0,100,2
102,4,1340.0,84,0,100,2
102,4,1345.0,84,0,100,2
102,4,1350.0,85,0,100,2
102,4,1355.0,85,0,100,2
102,4,1360.0,85,0,100,2
102,4,1365.0,85,0,100,2
102,4,1370.0,85,0,100,2
102,4,1375.0,85,0,100,2
102,4,1380.0,85,0,100,2
102,4,1385.0,86,0,100,2
102,4,1390.0,86,0,100,2
102,4,1395.0,86,0,100,2
102,4,1400.0,86,0,100,2
102,4,1405.0,86,0,100,2
102,4,1410.0,86,0,100,2
102,4,1415.0,86,0,100,2
102,4,1420.0,87,0,100,2
102,4,1425.0,87,0,100,2
102,4,1430.0,87,0,100,2
102,4,1435.0,87,0,100,2
102,4,1440.0,87,0,100,2
102,4,1445.0,87,0,100,2
102,4,1450.0,87,0,100,2
102,4,1455.0,87,0,100,2
102,4,1460.0,87,0,100,2
102,4,1465.0,87,0,100,2
102,4,1470.0,87,0,100,2
102,4,1475.0,88,0,100,2
102,4,1480.0,88,0,100,2
102,4,1485.0,88,0,100,2
102,4,1490.0,88,0,100,2
102,4,1495.0,88,0,100,2
102,4,1500.0,88,0,100,2
102,4,1505.0,88,0,100,2
102,4,1510.0,88,0,100,2
102,4,1515.0,88,0,100,2
102,4,1520.0,88,0,100,2
102,5,5.0,1,0,100,2
102,5,10.0,1,0,100,2
102,5,15.0,1,0,100,2
102,5,20.0,1,0,100,2
102,5,25.0,1,0,100,2
102,5,30.0,1,0,100,2
102,5,35.0,1,0,100,2
102,5,40.0,1,0,100,2
102,5,45.0,1,0,100,2
102,5,50.0,1,0,100,2
102,5,55.0,1,0,100,2
102,5,60.0,1,0,100,2
102,5,65.0,4,0,100,2
102,5,70.0,4,0,100,2
102,5,75.0,4,0,100,2
102,5,80.0,5,0,100,2
102,5,85.0,5,0,100,2
102,5,90.0,5,0,100,2
102,5,95.0,5,0,100,2
102,5,100.0,5,0,100,2
102,5,105.0,5,0,100,2
102,5,110.0,5,0,100,2
102,5,115.0,5,0,100,2
102,5,120.0,5,0,100,2
102,5,125.0,5,0,100,2
102,5,130.0,5,0,100,2
102,5,135.0,5,0,100,2
102,5,140.0,5,0,100,2
102,5,145.0,6,0,100,2
102,5,150.0,6,0,100,2
102,5,155.0,6,0,100,2
102,5,160.0,6,0,100,2
102,5,165.0,6,0,100,2
102,5,170.0,6,0,100,2
102,5,175.0,6,0,100,2
102,5,180.0,6,0,100,2
102,5,185.0,6,0,100,2
102,5,190.0,9,0,100,2
102,5,195.0,9,0,100,2
102,5,200.0,9,0,100,2
102,5,205.0,9,0,100,2
102,5,210.0,9,0,100,2
102,5,215.0,9,0,100,2
102,5,220.0,10,0,100,2
102,5,225.0,11,0,100,2
102,5,230.0,11,0,100,2
102,5,235.0,11,0,100,2
102,5,240.0,11,0,100,2
102,5,245.0,11,0,100,2
102,5,250.0,11,0,100,2
102,5,255.0,11,0,100,2
102,5,260.0,11,0,100,2
102,5,265.0,11,0,100,2
102,5,270.0,11,0,100,2
102,5,275.0,11,0,100,2
102,5,280.0,11,0,100,2
102,5,285.0,13,0,100,2
102,5,290.0,14,0,100,2
102,5,295.0,14,0,100,2
102,5,300.0,15,0,100,2
102,5,305.0,16,0,100,2
102,5,310.0,16,0,100,2
102,5,315.0,16,0,100,2
102,5,320.0,16,0,100,2
102,5,325.0,16,0,100,2
102,5,330.0,16,0,100,2
102,5,335.0,17,0,100,2
102,5,340.0,17,0,100,2
102,5,345.0,17,0,100,2
102,5,350.0,17,0,100,2
102,5,355.0,17,0,100,2
102,5,360.0,17,0,100,2
102,5,365.0,17,0,100,2
102,5,370.0,17,0,100,2
102,5,375.0,17,0,100,2
102,5,380.0,17,0,100,2
102,5,385.0,17,0,100,2
102,5,390.0,17,0,100,2
102,5,395.0,17,0,100,2
102,5,400.0,17,0,100,2
102,5,405.0,18,0,100,2
102,5,410.0,18,0,100,2
102,5,415.0,21,0,100,2
102,5,420.0,23,0,100,2
102,5,425.0,23,0,100,2
102,5,430.0,23,0,100,2
102,5,435.0,23,0,100,2
102,5,440.0,24,0,100,2
102,5,445.0,25,0,100,2
102,5,450.0,25,0,100,2
102,5,455.0,26,0,100,2
102,5,460.0,26,0,100,2
102,5,465.0,26,0,100,2
102,5,470.0,27,0,100,2
102,5,475.0,27,0,100,2
102,5,480.0,27,0,100,2
102,5,485.0,28,0,100,2
102,5,490.0,28,0,100,2
102,5,495.0,28,0,100,2
102,5,500.0,31,0,100,2
102,5,505.0,31,0,100,2
102,5,510.0,31,0,100,2
102,5,515.0,31,0,100,2
102,5,520.0,32,0,100,2
102,5,525.0,33,0,100,2
102,5,530.0,35,0,100,2
102,5,535.0,35,0,100,2
102,5,540.0,35,0,100,2
102,5,545.0,35,0,100,2
102,5,550.0,35,0,100,2
102,5,555.0,36,0,100,2
102,5,560.0,36,0,100,2
102,5,565.0,36,0,100,2
102,5,570.0,37,0,100,2
102,5,575.0,37,0,100,2
102,5,580.0,37,0,100,2
102,5,585.0,37,0,100,2
102,5,590.0,37,0,100,2
102,5,595.0,39,0,100,2
102,5,600.0,39,0,100,2
102,5,605.0,40,0,100,2
102,5,610.0,40,0,100,2
102,5,615.0,41,0,100,2
102,5,620.0,41,0,100,2
102,5,625.0,41,0,100,2
102,5,630.0,41,0,100,2
102,5,635.0,41,0,100,2
102,5,640.0,42,0,100,2
102,5,645.0,42,0,100,2
102,5,650.0,42,0,100,2
102,5,655.0,42,0,100,2
102,5,660.0,43,0,100,2
102,5,665.0,43,0,100,2
102,5,670.0,44,0,100,2
102,5,675.0,44,0,100,2
102,5,680.0,46,0,100,2
102,5,685.0,46,0,100,2
102,5,690.0,47,0,100,2
102,5,695.0,47,0,100,2
102,5,700.0,47,0,100,2
102,5,705.0,47,0,100,2
102,5,710.0,47,0,100,2
102,5,715.0,51,0,100,2
102,5,720.0,52,0,100,2
102,5,725.0,52,0,100,2
102,5,730.0,53,0,100,2
102,5,735.0,53,0,100,2
102,5,740.0,53,0,100,2
102,5,745.0,54,0,100,2
102,5,750.0,55,0,100,2
102,5,755.0,55,0,100,2
102,5,760.0,55,0,100,2
102,5,765.0,57,0,100,2
102,5,770.0,57,0,100,2
102,5,775.0,57,0,100,2
102,5,780.0,58,0,100,2
102,5,785.0,58,0,100,2
102,5,790.0,59,0,100,2
102,5,795.0,60,0,100,2
102,5,800.0,61,0,100,2
102,5,805.0,62,0,100,2
102,5,810.0,62,0,100,2
102,5,815.0,62,0,100,2
102,5,820.0,63,0,100,2
102,5,825.0,63,0,100,2
102,5,830.0,64,0,100,2
102,5,835.0,66,0,100,2
102,5,840.0,67,0,100,2
102,5,845.0,67,0,100,2
102,5,850.0,67,0,100,2
102,5,855.0,68,0,100,2
102,5,860.0,68,0,100,2
102,5,865.0,68,0,100,2
102,5,870.0,68,0,100,2
102,5,875.0,70,0,100,2
102,5,880.0,70,0,100,2
102,5,885.0,70,0,100,2
102,5,890.0,70,0,100,2
102,5,895.0,70,0,100,2
102,5,900.0,70,0,100,2
102,5,905.0,70,0,100,2
102,5,910.0,72,0,100,2
102,5,915.0,73,0,100,2
102,5,920.0,73,0,100,2
102,5,925.0,73,0,100,2
102,5,930.0,73,0,100,2
102,5,935.0,73,0,100,2
102,5,940.0,73,0,100,2
102,5,945.0,75,0,100,2
102,5,950.0,75,0,100,2
102,5,955.0,75,0,100,2
102,5,960.0,75,0,100,2
102,5,965.0,75,0,100,2
102,5,970.0,75,0,100,2
102,5,975.0,75,0,100,2
102,5,980.0,75,0,100,2
102,5,985.0,76,0,100,2
102,5,990.0,76,0,100,2
102,5,995.0,76,0,100,2
102,5,1000.0,76,0,100,2
102,5,1005.0,76,0,100,2
102,5,1010.0,76,0,100,2
102,5,1015.0,76,0,100,2
102,5,1020.0,76,0,100,2
102,5,1025.0,76,0,100,2
102,5,1030.0,76,0,100,2
102,5,1035.0,78,0,100,2
102,5,1040.0,78,0,100,2
102,5,1045.0,78,0,100,2
102,5,1050.0,79,0,100,2
102,5,1055.0,80,0,100,2
102,5,1060.0,81,0,100,2
102,5,1065.0,81,0,100,2
102,5,1070.0,81,0,100,2
102,5,1075.0,83,0,100,2
102,5,1080.0,83,0,100,2
102,5,1085.0,83,0,100,2
102,5,1090.0,83,0,100,2
102,5,1095.0,83,0,100,2
102,5,1100.0,83,0,100,2
102,5,1105.0,85,0,100,2
102,5,1110.0,86,0,100,2
102,5,1115.0,86,0,100,2
102,5,1120.0,87,0,100,2
102,5,1125.0,90,0,100,2
102,5,1130.0,90,0,100,2
102,5,1135.0,91,0,100,2
102,5,1140.0,91,0,100,2
102,5,1145.0,91,0,100,2
102,5,1150.0,91,0,100,2
102,5,1155.0,91,0,100,2
102,5,1160.0,91,0,100,2
102,5,1165.0,91,0,100,2
102,5,1170.0,91,0,100,2
102,5,1175.0,91,0,100,2
102,5,1180.0,91,0,100,2
102,5,1185.0,91,0,100,2
102,5,1190.0,91,0,100,2
102,5,1195.0,91,0,100,2
102,5,1200.0,91,0,100,2
102,5,1205.0,91,0,100,2
102,5,1210.0,91,0,100,2
102,5,1215.0,91,0,100,2
102,5,1220.0,92,0,100,2
102,5,1225.0,92,0,100,2
102,5,1230.0,92,0,100,2
102,5,1235.0,93,0,100,2
102,5,1240.0,93,0,100,2
102,5,1245.0,93,0,100,2
102,5,1250.0,93,0,100,2
102,5,1255.0,93,0,100,2
102,5,1260.0,93,0,100,2
102,5,1265.0,93,0,100,2
102,5,1270.0,93,0,100,2
102,5,1275.0,95,0,100,2
102,5,1280.0,95,0,100,2
102,5,1285.0,96,0,100,2
102,5,1290.0,96,0,100,2
102,5,1295.0,96,0,100,2
102,5,1300.0,96,0,100,2
102,5,1305.0,96,0,100,2
102,5,1310.0,96,0,100,2
102,5,1315.0,96,0,100,2
102,5,1320.0,96,0,100,2
102,5,1325.0,96,0,100,2
102,5,1330.0,96,0,100,2
102,5,1335.0,96,0,100,2
102,5,1340.0,96,0,100,2
102,5,1345.0,96,0,100,2
102,5,1350.0,96,0,100,2
102,5,1355.0,96,0,100,2
102,5,1360.0,96,0,100,2
102,5,1365.0,96,0,100,2
102,5,1370.0,96,0,100,2
102,5,1375.0,97,0,100,2
102,5,1380.0,97,0,100,2
102,5,1385.0,97,0,100,2
102,5,1390.0,97,0,100,2
102,5,1395.0,97,0,100,2
102,5,1400.0,97,0,100,2
102,5,1405.0,97,0,100,2
102,5,1410.0,97,0,100,2
102,5,1415.0,97,0,100,2
102,5,1420.0,97,0,100,2
102,5,1425.0,97,0,100,2
102,5,1430.0,97,0,100,2
102,5,1435.0,98,0,100,2
102,5,1440.0,98,0,100,2
102,5,1445.0,98,0,100,2
102,5,1450.0,98,0,100,2
102,5,1455.0,98,0,100,2
102,5,1460.0,98,0,100,2
102,5,1465.0,98,0,100,2
102,5,1470.0,98,0,100,2
102,5,1475.0,98,0,100,2
102,5,1480.0,98,0,100,2
102,5,1485.0,98,0,100,2
102,5,1490.0,98,0,100,2
102,5,1495.0,98,0,100,2
102,5,1500.0,98,0,100,2
102,5,1505.0,98,0,100,2
102,5,1510.0,98,0,100,2
102,5,1515.0,98,0,100,2
