escenario,replica,t_segundos,G,N,K,corral
0,0,5.0,100,10,100,2
0,0,10.0,99,10,100,2
0,0,15.0,97,10,100,2
0,0,20.0,97,10,100,2
0,0,25.0,97,10,100,2
0,0,30.0,98,10,100,2
0,0,35.0,98,10,100,2
0,0,40.0,97,10,100,2
0,0,45.0,96,10,100,2
0,0,50.0,96,10,100,2
0,0,55.0,97,10,100,2
0,0,60.0,97,10,100,2
0,0,65.0,96,10,100,2
0,0,70.0,97,10,100,2
0,0,75.0,97,10,100,2
0,0,80.0,96,10,100,2
0,0,85.0,94,10,100,2
0,0,90.0,93,10,100,2
0,0,95.0,92,10,100,2
0,0,100.0,92,10,100,2
0,0,105.0,91,10,100,2
0,0,110.0,89,10,100,2
0,0,115.0,89,10,100,2
0,0,120.0,88,10,100,2
0,0,125.0,87,10,100,2
0,0,130.0,88,10,100,2
0,0,135.0,87,10,100,2
0,0,140.0,86,10,100,2
0,0,145.0,83,10,100,2
0,0,150.0,83,10,100,2
0,0,155.0,83,10,100,2
0,0,160.0,82,10,100,2
0,0,165.0,85,10,100,2
0,0,170.0,85,10,100,2
0,0,175.0,86,10,100,2
0,0,180.0,84,10,100,2
0,0,185.0,86,10,100,2
0,0,190.0,88,10,100,2
0,0,195.0,88,10,100,2
0,0,200.0,88,10,100,2
0,0,205.0,87,10,100,2
0,0,210.0,86,10,100,2
0,0,215.0,85,10,100,2
0,0,220.0,86,10,100,2
0,0,225.0,85,10,100,2
0,0,230.0,85,10,100,2
0,0,235.0,85,10,100,2
0,0,240.0,84,10,100,2
0,0,245.0,84,10,100,2
0,0,250.0,84,10,100,2
0,0,255.0,84,10,100,2
0,0,260.0,85,10,100,2
0,0,265.0,84,10,100,2
0,0,270.0,85,10,100,2
0,0,275.0,86,10,100,2
0,0,280.0,86,10,100,2
0,0,285.0,86,10,100,2
0,0,290.0,85,10,100,2
0,0,295.0,86,10,100,2
0,0,300.0,86,10,100,2
0,0,305.0,87,10,100,2
0,0,310.0,86,10,100,2
0,0,315.0,83,10,100,2
0,0,320.0,84,10,100,2
0,0,325.0,85,10,100,2
0,0,330.0,85,10,100,2
0,0,335.0,85,10,100,2
0,0,340.0,86,10,100,2
0,0,345.0,89,10,100,2
0,0,350.0,89,10,100,2
0,0,355.0,89,10,100,2
0,0,360.0,89,10,100,2
0,0,365.0,89,10,100,2
0,0,370.0,88,10,100,2
0,0,375.0,86,10,100,2
0,0,380.0,85,10,100,2
0,0,385.0,85,10,100,2
0,0,390.0,86,10,100,2
0,0,395.0,85,10,100,2
0,0,400.0,85,10,100,2
0,0,405.0,85,10,100,2
0,0,410.0,86,10,100,2
0,0,415.0,86,10,100,2
0,0,420.0,86,10,100,2
0,0,425.0,87,10,100,2
0,0,430.0,89,10,100,2
0,0,435.0,89,10,100,2
0,0,440.0,88,10,100,2
0,0,445.0,88,10,100,2
0,0,450.0,87,10,100,2
0,0,455.0,88,10,100,2
0,0,460.0,88,10,100,2
0,0,465.0,88,10,100,2
0,0,470.0,86,10,100,2
0,0,475.0,87,10,100,2
0,0,480.0,87,10,100,2
0,0,485.0,87,10,100,2
0,0,490.0,86,10,100,2
0,0,495.0,84,10,100,2
0,0,500.0,85,10,100,2
0,0,505.0,82,10,100,2
0,0,510.0,82,10,100,2
0,0,515.0,82,10,100,2
0,0,520.0,81,10,100,2
0,0,525.0,81,10,100,2
0,0,530.0,81,10,100,2
0,0,535.0,81,10,100,2
0,0,540.0,80,10,100,2
0,0,545.0,82,10,100,2
0,0,550.0,82,10,100,2
0,0,555.0,81,10,100,2
0,0,560.0,80,10,100,2
0,0,565.0,79,10,100,2
0,0,570.0,80,10,100,2
0,0,575.0,81,10,100,2
0,0,580.0,82,10,100,2
0,0,585.0,82,10,100,2
0,0,590.0,82,10,100,2
0,0,595.0,81,10,100,2
0,0,600.0,80,10,100,2
0,0,605.0,79,10,100,2
0,0,610.0,78,10,100,2
0,0,615.0,79,10,100,2
0,0,620.0,80,10,100,2
0,0,625.0,79,10,100,2
0,0,630.0,81,10,100,2
0,0,635.0,83,10,100,2
0,0,640.0,84,10,100,2
0,0,645.0,84,10,100,2
0,0,650.0,86,10,100,2
0,0,655.0,84,10,100,2
0,0,660.0,83,10,100,2
0,0,665.0,84,10,100,2
0,0,670.0,86,10,100,2
0,0,675.0,86,10,100,2
0,0,680.0,85,10,100,2
0,0,685.0,85,10,100,2
0,0,690.0,85,10,100,2
0,0,695.0,86,10,100,2
0,0,700.0,88,10,100,2
0,0,705.0,89,10,100,2
0,0,710.0,89,10,100,2
0,0,715.0,88,10,100,2
0,0,720.0,88,10,100,2
0,0,725.0,87,10,100,2
0,0,730.0,85,10,100,2
0,0,735.0,85,10,100,2
0,0,740.0,85,10,100,2
0,0,745.0,85,10,100,2
0,0,750.0,84,10,100,2
0,0,755.0,81,10,100,2
0,0,760.0,81,10,100,2
0,0,765.0,81,10,100,2
0,0,770.0,81,10,100,2
0,0,775.0,81,10,100,2
0,0,780.0,80,10,100,2
0,0,785.0,80,10,100,2
0,0,790.0,79,10,100,2
0,0,795.0,80,10,100,2
0,0,800.0,81,10,100,2
0,0,805.0,81,10,100,2
0,0,810.0,80,10,100,2
0,0,815.0,81,10,100,2
0,0,820.0,81,10,100,2
0,0,825.0,80,10,100,2
0,0,830.0,81,10,100,2
0,0,835.0,81,10,100,2
0,0,840.0,82,10,100,2
0,0,845.0,81,10,100,2
0,0,850.0,81,10,100,2
0,0,855.0,81,10,100,2
0,0,860.0,82,10,100,2
0,0,865.0,82,10,100,2
0,0,870.0,81,10,100,2
0,0,875.0,81,10,100,2
0,0,880.0,81,10,100,2
0,0,885.0,81,10,100,2
0,0,890.0,84,10,100,2
0,0,895.0,84,10,100,2
0,0,900.0,85,10,100,2
0,0,905.0,86,10,100,2
0,0,910.0,85,10,100,2
0,0,915.0,85,10,100,2
0,0,920.0,86,10,100,2
0,0,925.0,86,10,100,2
0,0,930.0,87,10,100,2
0,0,935.0,86,10,100,2
0,0,940.0,85,10,100,2
0,0,945.0,85,10,100,2
0,0,950.0,86,10,100,2
0,0,955.0,88,10,100,2
0,0,960.0,87,10,100,2
0,0,965.0,87,10,100,2
0,0,970.0,89,10,100,2
0,0,975.0,88,10,100,2
0,0,980.0,88,10,100,2
0,0,985.0,86,10,100,2
0,0,990.0,86,10,100,2
0,0,995.0,85,10,100,2
0,0,1000.0,85,10,100,2
0,0,1005.0,86,10,100,2
0,0,1010.0,85,10,100,2
0,0,1015.0,86,10,100,2
0,0,1020.0,86,10,100,2
0,0,1025.0,86,10,100,2
0,0,1030.0,86,10,100,2
0,0,1035.0,87,10,100,2
0,0,1040.0,87,10,100,2
0,0,1045.0,86,10,100,2
0,0,1050.0,86,10,100,2
0,0,1055.0,86,10,100,2
0,0,1060.0,85,10,100,2
0,0,1065.0,86,10,100,2
0,0,1070.0,85,10,100,2
0,0,1075.0,85,10,100,2
0,0,1080.0,85,10,100,2
0,0,1085.0,86,10,100,2
0,0,1090.0,85,10,100,2
0,0,1095.0,86,10,100,2
0,0,1100.0,85,10,100,2
0,0,1105.0,87,10,100,2
0,0,1110.0,86,10,100,2
0,0,1115.0,85,10,100,2
0,0,1120.0,85,10,100,2
0,0,1125.0,84,10,100,2
0,0,1130.0,84,10,100,2
0,0,1135.0,84,10,100,2
0,0,1140.0,83,10,100,2
0,0,1145.0,82,10,100,2
0,0,1150.0,81,10,100,2
0,0,1155.0,80,10,100,2
0,0,1160.0,79,10,100,2
0,0,1165.0,78,10,100,2
0,0,1170.0,79,10,100,2
0,0,1175.0,79,10,100,2
0,0,1180.0,79,10,100,2
0,0,1185.0,78,10,100,2
0,0,1190.0,78,10,100,2
0,0,1195.0,79,10,100,2
0,0,1200.0,79,10,100,2
0,0,1205.0,79,10,100,2
0,0,1210.0,81,10,100,2
0,0,1215.0,83,10,100,2
0,0,1220.0,84,10,100,2
0,0,1225.0,84,10,100,2
0,0,1230.0,84,10,100,2
0,0,1235.0,83,10,100,2
0,0,1240.0,84,10,100,2
0,0,1245.0,85,10,100,2
0,0,1250.0,83,10,100,2
0,0,1255.0,81,10,100,2
0,0,1260.0,85,10,100,2
0,0,1265.0,85,10,100,2
0,0,1270.0,82,10,100,2
0,0,1275.0,82,10,100,2
0,0,1280.0,82,10,100,2
0,0,1285.0,82,10,100,2
0,0,1290.0,82,10,100,2
0,0,1295.0,82,10,100,2
0,0,1300.0,80,10,100,2
0,0,1305.0,81,10,100,2
0,0,1310.0,81,10,100,2
0,0,1315.0,80,10,100,2
0,0,1320.0,80,10,100,2
0,0,1325.0,79,10,100,2
0,0,1330.0,79,10,100,2
0,0,1335.0,78,10,100,2
0,0,1340.0,79,10,100,2
0,0,1345.0,80,10,100,2
0,0,1350.0,79,10,100,2
0,0,1355.0,80,10,100,2
0,0,1360.0,79,10,100,2
0,0,1365.0,80,10,100,2
0,0,1370.0,80,10,100,2
0,0,1375.0,82,10,100,2
0,0,1380.0,83,10,100,2
0,0,1385.0,83,10,100,2
0,0,1390.0,83,10,100,2
0,0,1395.0,82,10,100,2
0,0,1400.0,82,10,100,2
0,0,1405.0,82,10,100,2
0,0,1410.0,80,10,100,2
0,0,1415.0,79,10,100,2
0,0,1420.0,79,10,100,2
0,0,1425.0,76,10,100,2
0,0,1430.0,76,10,100,2
0,0,1435.0,77,10,100,2
0,0,1440.0,77,10,100,2
0,0,1445.0,78,10,100,2
0,0,1450.0,79,10,100,2
0,0,1455.0,79,10,100,2
0,0,1460.0,79,10,100,2
0,0,1465.0,79,10,100,2
0,0,1470.0,80,10,100,2
0,0,1475.0,80,10,100,2
0,0,1480.0,80,10,100,2
0,0,1485.0,80,10,100,2
0,0,1490.0,81,10,100,2
0,0,1495.0,81,10,100,2
0,0,1500.0,81,10,100,2
0,0,1505.0,81,10,100,2
0,0,1510.0,81,10,100,2
0,0,1515.0,81,10,100,2
0,0,1520.0,81,10,100,2
0,0,1525.0,82,10,100,2
0,0,1530.0,84,10,100,2
0,0,1535.0,83,10,100,2
0,0,1540.0,83,10,100,2
0,0,1545.0,80,10,100,2
0,0,1550.0,80,10,100,2
0,0,1555.0,80,10,100,2
0,0,1560.0,80,10,100,2
0,0,1565.0,81,10,100,2
0,0,1570.0,81,10,100,2
0,0,1575.0,81,10,100,2
0,0,1580.0,82,10,100,2
0,0,1585.0,83,10,100,2
0,0,1590.0,83,10,100,2
0,0,1595.0,83,10,100,2
0,0,1600.0,82,10,100,2
0,0,1605.0,82,10,100,2
0,0,1610.0,81,10,100,2
0,0,1615.0,82,10,100,2
0,0,1620.0,81,10,100,2
0,0,1625.0,80,10,100,2
0,0,1630.0,80,10,100,2
0,0,1635.0,80,10,100,2
0,0,1640.0,81,10,100,2
0,0,1645.0,82,10,100,2
0,0,1650.0,82,10,100,2
0,0,1655.0,82,10,100,2
0,0,1660.0,81,10,100,2
0,0,1665.0,81,10,100,2
0,0,1670.0,82,10,100,2
0,0,1675.0,82,10,100,2
0,0,1680.0,82,10,100,2
0,0,1685.0,81,10,100,2
0,0,1690.0,82,10,100,2
0,0,1695.0,82,10,100,2
0,0,1700.0,81,10,100,2
0,0,1705.0,85,10,100,2
0,0,1710.0,85,10,100,2
0,0,1715.0,84,10,100,2
0,0,1720.0,84,10,100,2
0,0,1725.0,83,10,100,2
0,0,1730.0,84,10,100,2
0,0,1735.0,84,10,100,2
0,0,1740.0,85,10,100,2
0,0,1745.0,85,10,100,2
0,0,1750.0,84,10,100,2
0,0,1755.0,83,10,100,2
0,0,1760.0,83,10,100,2
0,0,1765.0,83,10,100,2
0,0,1770.0,83,10,100,2
0,0,1775.0,82,10,100,2
0,0,1780.0,82,10,100,2
0,0,1785.0,82,10,100,2
0,0,1790.0,80,10,100,2
0,0,1795.0,82,10,100,2
0,0,1800.0,82,10,100,2
0,0,1805.0,83,10,100,2
0,0,1810.0,83,10,100,2
0,0,1815.0,83,10,100,2
0,0,1820.0,83,10,100,2
0,0,1825.0,83,10,100,2
0,0,1830.0,84,10,100,2
0,0,1835.0,83,10,100,2
0,0,1840.0,84,10,100,2
0,0,1845.0,84,10,100,2
0,0,1850.0,82,10,100,2
0,0,1855.0,82,10,100,2
0,0,1860.0,81,10,100,2
0,0,1865.0,81,10,100,2
0,0,1870.0,82,10,100,2
0,0,1875.0,82,10,100,2
0,0,1880.0,82,10,100,2
0,0,1885.0,79,10,100,2
0,0,1890.0,78,10,100,2
0,0,1895.0,78,10,100,2
0,0,1900.0,77,10,100,2
0,0,1905.0,77,10,100,2
0,0,1910.0,76,10,100,2
0,0,1915.0,75,10,100,2
0,0,1920.0,74,10,100,2
0,0,1925.0,73,10,100,2
0,0,1930.0,72,10,100,2
0,0,1935.0,72,10,100,2
0,0,1940.0,72,10,100,2
0,0,1945.0,72,10,100,2
0,0,1950.0,73,10,100,2
0,0,1955.0,75,10,100,2
0,0,1960.0,76,10,100,2
0,0,1965.0,76,10,100,2
0,0,1970.0,76,10,100,2
0,0,1975.0,76,10,100,2
0,0,1980.0,78,10,100,2
0,0,1985.0,78,10,100,2
0,0,1990.0,78,10,100,2
0,0,1995.0,78,10,100,2
0,0,2000.0,79,10,100,2
0,0,2005.0,78,10,100,2
0,0,2010.0,79,10,100,2
0,0,2015.0,80,10,100,2
0,0,2020.0,80,10,100,2
0,0,2025.0,80,10,100,2
0,0,2030.0,80,10,100,2
0,0,2035.0,81,10,100,2
0,0,2040.0,82,10,100,2
0,0,2045.0,85,10,100,2
0,0,2050.0,85,10,100,2
0,0,2055.0,84,10,100,2
0,0,2060.0,84,10,100,2
0,0,2065.0,84,10,100,2
0,0,2070.0,84,10,100,2
0,0,2075.0,84,10,100,2
0,0,2080.0,83,10,100,2
0,0,2085.0,81,10,100,2
0,0,2090.0,81,10,100,2
0,0,2095.0,80,10,100,2
0,0,2100.0,81,10,100,2
0,0,2105.0,81,10,100,2
0,0,2110.0,81,10,100,2
0,0,2115.0,82,10,100,2
0,0,2120.0,80,10,100,2
0,0,2125.0,79,10,100,2
0,0,2130.0,78,10,100,2
0,0,2135.0,77,10,100,2
0,0,2140.0,77,10,100,2
0,0,2145.0,77,10,100,2
0,0,2150.0,77,10,100,2
0,0,2155.0,77,10,100,2
0,0,2160.0,78,10,100,2
0,0,2165.0,78,10,100,2
0,0,2170.0,78,10,100,2
0,0,2175.0,79,10,100,2
0,0,2180.0,81,10,100,2
0,0,2185.0,82,10,100,2
0,0,2190.0,82,10,100,2
0,0,2195.0,83,10,100,2
0,0,2200.0,83,10,100,2
0,0,2205.0,84,10,100,2
0,0,2210.0,84,10,100,2
0,0,2215.0,84,10,100,2
0,0,2220.0,84,10,100,2
0,0,2225.0,84,10,100,2
0,0,2230.0,82,10,100,2
0,0,2235.0,82,10,100,2
0,0,2240.0,82,10,100,2
0,0,2245.0,81,10,100,2
0,0,2250.0,82,10,100,2
0,0,2255.0,83,10,100,2
0,0,2260.0,83,10,100,2
0,0,2265.0,84,10,100,2
0,0,2270.0,85,10,100,2
0,0,2275.0,83,10,100,2
0,0,2280.0,81,10,100,2
0,0,2285.0,79,10,100,2
0,0,2290.0,78,10,100,2
0,0,2295.0,79,10,100,2
0,0,2300.0,79,10,100,2
0,0,2305.0,79,10,100,2
0,0,2310.0,80,10,100,2
0,0,2315.0,80,10,100,2
0,0,2320.0,79,10,100,2
0,0,2325.0,78,10,100,2
0,0,2330.0,78,10,100,2
0,0,2335.0,76,10,100,2
0,0,2340.0,76,10,100,2
0,0,2345.0,75,10,100,2
0,0,2350.0,75,10,100,2
0,0,2355.0,74,10,100,2
0,0,2360.0,73,10,100,2
0,0,2365.0,75,10,100,2
0,0,2370.0,74,10,100,2
0,0,2375.0,74,10,100,2
0,0,2380.0,73,10,100,2
0,0,2385.0,75,10,100,2
0,0,2390.0,77,10,100,2
0,0,2395.0,77,10,100,2
0,0,2400.0,77,10,100,2
0,0,2405.0,78,10,100,2
0,0,2410.0,78,10,100,2
0,0,2415.0,78,10,100,2
0,0,2420.0,78,10,100,2
0,0,2425.0,77,10,100,2
0,0,2430.0,77,10,100,2
0,0,2435.0,77,10,100,2
0,0,2440.0,76,10,100,2
0,0,2445.0,77,10,100,2
0,0,2450.0,77,10,100,2
0,0,2455.0,77,10,100,2
0,0,2460.0,75,10,100,2
0,0,2465.0,75,10,100,2
0,0,2470.0,74,10,100,2
0,0,2475.0,74,10,100,2
0,0,2480.0,73,10,100,2
0,0,2485.0,73,10,100,2
0,0,2490.0,73,10,100,2
0,0,2495.0,71,10,100,2
0,0,2500.0,71,10,100,2
0,0,2505.0,70,10,100,2
0,0,2510.0,74,10,100,2
0,0,2515.0,74,10,100,2
0,0,2520.0,74,10,100,2
0,0,2525.0,73,10,100,2
0,0,2530.0,73,10,100,2
0,0,2535.0,73,10,100,2
0,0,2540.0,72,10,100,2
0,0,2545.0,72,10,100,2
0,0,2550.0,74,10,100,2
0,0,2555.0,75,10,100,2
0,0,2560.0,76,10,100,2
0,0,2565.0,76,10,100,2
0,0,2570.0,75,10,100,2
0,0,2575.0,74,10,100,2
0,0,2580.0,75,10,100,2
0,0,2585.0,74,10,100,2
0,0,2590.0,73,10,100,2
0,0,2595.0,72,10,100,2
0,0,2600.0,71,10,100,2
0,0,2605.0,71,10,100,2
0,0,2610.0,73,10,100,2
0,0,2615.0,72,10,100,2
0,0,2620.0,71,10,100,2
0,0,2625.0,73,10,100,2
0,0,2630.0,72,10,100,2
0,0,2635.0,72,10,100,2
0,0,2640.0,73,10,100,2
0,0,2645.0,70,10,100,2
0,0,2650.0,69,10,100,2
0,0,2655.0,68,10,100,2
0,0,2660.0,67,10,100,2
0,0,2665.0,70,10,100,2
0,0,2670.0,71,10,100,2
0,0,2675.0,73,10,100,2
0,0,2680.0,73,10,100,2
0,0,2685.0,72,10,100,2
0,0,2690.0,71,10,100,2
0,0,2695.0,71,10,100,2
0,0,2700.0,73,10,100,2
0,0,2705.0,73,10,100,2
0,0,2710.0,75,10,100,2
0,0,2715.0,76,10,100,2
0,0,2720.0,76,10,100,2
0,0,2725.0,76,10,100,2
0,0,2730.0,76,10,100,2
0,0,2735.0,76,10,100,2
0,0,2740.0,75,10,100,2
0,0,2745.0,75,10,100,2
0,0,2750.0,75,10,100,2
0,0,2755.0,75,10,100,2
0,0,2760.0,75,10,100,2
0,0,2765.0,76,10,100,2
0,0,2770.0,76,10,100,2
0,0,2775.0,77,10,100,2
0,0,2780.0,77,10,100,2
0,0,2785.0,78,10,100,2
0,0,2790.0,78,10,100,2
0,0,2795.0,77,10,100,2
0,0,2800.0,76,10,100,2
0,0,2805.0,76,10,100,2
0,0,2810.0,75,10,100,2
0,0,2815.0,74,10,100,2
0,0,2820.0,75,10,100,2
0,0,2825.0,76,10,100,2
0,0,2830.0,76,10,100,2
0,0,2835.0,77,10,100,2
0,0,2840.0,78,10,100,2
0,0,2845.0,79,10,100,2
0,0,2850.0,79,10,100,2
0,0,2855.0,78,10,100,2
0,0,2860.0,80,10,100,2
0,0,2865.0,81,10,100,2
0,0,2870.0,79,10,100,2
0,0,2875.0,80,10,100,2
0,0,2880.0,81,10,100,2
0,0,2885.0,80,10,100,2
0,0,2890.0,81,10,100,2
0,0,2895.0,80,10,100,2
0,0,2900.0,81,10,100,2
0,0,2905.0,82,10,100,2
0,0,2910.0,82,10,100,2
0,0,2915.0,82,10,100,2
0,0,2920.0,83,10,100,2
0,0,2925.0,83,10,100,2
0,0,2930.0,84,10,100,2
0,0,2935.0,85,10,100,2
0,0,2940.0,85,10,100,2
0,0,2945.0,86,10,100,2
0,0,2950.0,86,10,100,2
0,0,2955.0,85,10,100,2
0,0,2960.0,85,10,100,2
0,0,2965.0,85,10,100,2
0,0,2970.0,85,10,100,2
0,0,2975.0,83,10,100,2
0,0,2980.0,82,10,100,2
0,0,2985.0,81,10,100,2
0,0,2990.0,81,10,100,2
0,0,2995.0,82,10,100,2
0,0,3000.0,81,10,100,2
0,0,3005.0,81,10,100,2
0,0,3010.0,82,10,100,2
0,0,3015.0,81,10,100,2
0,0,3020.0,81,10,100,2
0,0,3025.0,81,10,100,2
0,0,3030.0,81,10,100,2
0,0,3035.0,80,10,100,2
0,0,3040.0,80,10,100,2
0,0,3045.0,82,10,100,2
0,0,3050.0,83,10,100,2
0,0,3055.0,81,10,100,2
0,0,3060.0,81,10,100,2
0,0,3065.0,81,10,100,2
0,0,3070.0,81,10,100,2
0,0,3075.0,80,10,100,2
0,0,3080.0,80,10,100,2
0,0,3085.0,80,10,100,2
0,0,3090.0,79,10,100,2
0,0,3095.0,78,10,100,2
0,0,3100.0,77,10,100,2
0,0,3105.0,79,10,100,2
0,0,3110.0,80,10,100,2
0,0,3115.0,81,10,100,2
0,0,3120.0,83,10,100,2
0,0,3125.0,83,10,100,2
0,0,3130.0,82,10,100,2
0,0,3135.0,81,10,100,2
0,0,3140.0,84,10,100,2
0,0,3145.0,84,10,100,2
0,0,3150.0,84,10,100,2
0,0,3155.0,84,10,100,2
0,0,3160.0,84,10,100,2
0,0,3165.0,83,10,100,2
0,0,3170.0,83,10,100,2
0,0,3175.0,83,10,100,2
0,0,3180.0,83,10,100,2
0,0,3185.0,83,10,100,2
0,0,3190.0,83,10,100,2
0,0,3195.0,83,10,100,2
0,0,3200.0,83,10,100,2
0,0,3205.0,83,10,100,2
0,0,3210.0,82,10,100,2
0,0,3215.0,82,10,100,2
0,0,3220.0,82,10,100,2
0,0,3225.0,80,10,100,2
0,0,3230.0,79,10,100,2
0,0,3235.0,80,10,100,2
0,0,3240.0,80,10,100,2
0,0,3245.0,79,10,100,2
0,0,3250.0,79,10,100,2
0,0,3255.0,78,10,100,2
0,0,3260.0,78,10,100,2
0,0,3265.0,78,10,100,2
0,0,3270.0,79,10,100,2
0,0,3275.0,77,10,100,2
0,0,3280.0,76,10,100,2
0,0,3285.0,76,10,100,2
0,0,3290.0,75,10,100,2
0,0,3295.0,73,10,100,2
0,0,3300.0,73,10,100,2
0,0,3305.0,74,10,100,2
0,0,3310.0,73,10,100,2
0,0,3315.0,74,10,100,2
0,0,3320.0,75,10,100,2
0,0,3325.0,76,10,100,2
0,0,3330.0,75,10,100,2
0,0,3335.0,76,10,100,2
0,0,3340.0,76,10,100,2
0,0,3345.0,76,10,100,2
0,0,3350.0,77,10,100,2
0,0,3355.0,77,10,100,2
0,0,3360.0,78,10,100,2
0,0,3365.0,78,10,100,2
0,0,3370.0,80,10,100,2
0,0,3375.0,80,10,100,2
0,0,3380.0,80,10,100,2
0,0,3385.0,81,10,100,2
0,0,3390.0,81,10,100,2
0,0,3395.0,80,10,100,2
0,0,3400.0,80,10,100,2
0,0,3405.0,80,10,100,2
0,0,3410.0,80,10,100,2
0,0,3415.0,82,10,100,2
0,0,3420.0,81,10,100,2
0,0,3425.0,81,10,100,2
0,0,3430.0,79,10,100,2
0,0,3435.0,78,10,100,2
0,0,3440.0,77,10,100,2
0,0,3445.0,76,10,100,2
0,0,3450.0,77,10,100,2
0,0,3455.0,77,10,100,2
0,0,3460.0,77,10,100,2
0,0,3465.0,78,10,100,2
0,0,3470.0,75,10,100,2
0,0,3475.0,74,10,100,2
0,0,3480.0,75,10,100,2
0,0,3485.0,77,10,100,2
0,0,3490.0,76,10,100,2
0,0,3495.0,76,10,100,2
0,0,3500.0,76,10,100,2
0,0,3505.0,76,10,100,2
0,0,3510.0,76,10,100,2
0,0,3515.0,77,10,100,2
0,0,3520.0,80,10,100,2
0,0,3525.0,82,10,100,2
0,0,3530.0,80,10,100,2
0,0,3535.0,80,10,100,2
0,0,3540.0,81,10,100,2
0,0,3545.0,81,10,100,2
0,0,3550.0,81,10,100,2
0,0,3555.0,84,10,100,2
0,0,3560.0,84,10,100,2
0,0,3565.0,85,10,100,2
0,0,3570.0,84,10,100,2
0,0,3575.0,83,10,100,2
0,0,3580.0,83,10,100,2
0,0,3585.0,84,10,100,2
0,0,3590.0,82,10,100,2
0,0,3595.0,82,10,100,2
0,0,3600.0,81,10,100,2
0,0,3605.0,83,10,100,2
0,0,3610.0,82,10,100,2
0,0,3615.0,84,10,100,2
0,0,3620.0,83,10,100,2
0,0,3625.0,83,10,100,2
0,0,3630.0,82,10,100,2
0,0,3635.0,80,10,100,2
0,0,3640.0,81,10,100,2
0,0,3645.0,81,10,100,2
0,0,3650.0,81,10,100,2
0,0,3655.0,82,10,100,2
0,0,3660.0,83,10,100,2
0,0,3665.0,85,10,100,2
0,0,3670.0,85,10,100,2
0,0,3675.0,84,10,100,2
0,0,3680.0,84,10,100,2
0,0,3685.0,84,10,100,2
0,0,3690.0,84,10,100,2
0,0,3695.0,84,10,100,2
0,0,3700.0,84,10,100,2
0,0,3705.0,87,10,100,2
0,0,3710.0,87,10,100,2
0,0,3715.0,87,10,100,2
0,0,3720.0,88,10,100,2
0,0,3725.0,87,10,100,2
0,0,3730.0,85,10,100,2
0,0,3735.0,85,10,100,2
0,0,3740.0,85,10,100,2
0,0,3745.0,87,10,100,2
0,0,3750.0,86,10,100,2
0,0,3755.0,87,10,100,2
0,0,3760.0,86,10,100,2
0,0,3765.0,85,10,100,2
0,0,3770.0,84,10,100,2
0,0,3775.0,83,10,100,2
0,0,3780.0,83,10,100,2
0,0,3785.0,83,10,100,2
0,0,3790.0,83,10,100,2
0,0,3795.0,85,10,100,2
0,0,3800.0,84,10,100,2
0,0,3805.0,84,10,100,2
0,0,3810.0,85,10,100,2
0,0,3815.0,84,10,100,2
0,0,3820.0,84,10,100,2
0,0,3825.0,84,10,100,2
0,0,3830.0,84,10,100,2
0,0,3835.0,83,10,100,2
0,0,3840.0,83,10,100,2
0,0,3845.0,83,10,100,2
0,0,3850.0,83,10,100,2
0,0,3855.0,84,10,100,2
0,0,3860.0,84,10,100,2
0,0,3865.0,83,10,100,2
0,0,3870.0,83,10,100,2
0,0,3875.0,83,10,100,2
0,0,3880.0,84,10,100,2
0,0,3885.0,84,10,100,2
0,0,3890.0,84,10,100,2
0,0,3895.0,82,10,100,2
0,0,3900.0,82,10,100,2
0,0,3905.0,81,10,100,2
0,0,3910.0,80,10,100,2
0,0,3915.0,81,10,100,2
0,0,3920.0,81,10,100,2
0,0,3925.0,80,10,100,2
0,0,3930.0,78,10,100,2
0,0,3935.0,79,10,100,2
0,0,3940.0,79,10,100,2
0,0,3945.0,80,10,100,2
0,0,3950.0,80,10,100,2
0,0,3955.0,81,10,100,2
0,0,3960.0,82,10,100,2
0,0,3965.0,80,10,100,2
0,0,3970.0,80,10,100,2
0,0,3975.0,80,10,100,2
0,0,3980.0,79,10,100,2
0,0,3985.0,78,10,100,2
0,0,3990.0,79,10,100,2
0,0,3995.0,78,10,100,2
0,0,4000.0,75,10,100,2
0,0,4005.0,75,10,100,2
0,0,4010.0,76,10,100,2
0,0,4015.0,75,10,100,2
0,0,4020.0,74,10,100,2
0,0,4025.0,74,10,100,2
0,0,4030.0,74,10,100,2
0,0,4035.0,74,10,100,2
0,0,4040.0,74,10,100,2
0,0,4045.0,75,10,100,2
0,0,4050.0,75,10,100,2
0,0,4055.0,76,10,100,2
0,0,4060.0,76,10,100,2
0,0,4065.0,76,10,100,2
0,0,4070.0,74,10,100,2
0,0,4075.0,74,10,100,2
0,0,4080.0,75,10,100,2
0,0,4085.0,76,10,100,2
0,0,4090.0,76,10,100,2
0,0,4095.0,77,10,100,2
0,0,4100.0,77,10,100,2
0,0,4105.0,73,10,100,2
0,0,4110.0,74,10,100,2
0,0,4115.0,73,10,100,2
0,0,4120.0,73,10,100,2
0,0,4125.0,73,10,100,2
0,0,4130.0,73,10,100,2
0,0,4135.0,73,10,100,2
0,0,4140.0,73,10,100,2
0,0,4145.0,74,10,100,2
0,0,4150.0,74,10,100,2
0,0,4155.0,73,10,100,2
0,0,4160.0,73,10,100,2
0,0,4165.0,74,10,100,2
0,0,4170.0,73,10,100,2
0,0,4175.0,71,10,100,2
0,0,4180.0,71,10,100,2
0,0,4185.0,72,10,100,2
0,0,4190.0,72,10,100,2
0,0,4195.0,71,10,100,2
0,0,4200.0,72,10,100,2
0,0,4205.0,72,10,100,2
0,0,4210.0,72,10,100,2
0,0,4215.0,74,10,100,2
0,0,4220.0,75,10,100,2
0,0,4225.0,74,10,100,2
0,0,4230.0,73,10,100,2
0,0,4235.0,73,10,100,2
0,0,4240.0,72,10,100,2
0,0,4245.0,71,10,100,2
0,0,4250.0,72,10,100,2
0,0,4255.0,72,10,100,2
0,0,4260.0,71,10,100,2
0,0,4265.0,72,10,100,2
0,0,4270.0,72,10,100,2
0,0,4275.0,72,10,100,2
0,0,4280.0,73,10,100,2
0,0,4285.0,73,10,100,2
0,0,4290.0,74,10,100,2
0,0,4295.0,73,10,100,2
0,0,4300.0,74,10,100,2
0,0,4305.0,74,10,100,2
0,0,4310.0,73,10,100,2
0,0,4315.0,73,10,100,2
0,0,4320.0,72,10,100,2
0,0,4325.0,73,10,100,2
0,0,4330.0,72,10,100,2
0,0,4335.0,72,10,100,2
0,0,4340.0,72,10,100,2
0,0,4345.0,73,10,100,2
0,0,4350.0,72,10,100,2
0,0,4355.0,73,10,100,2
0,0,4360.0,73,10,100,2
0,0,4365.0,72,10,100,2
0,0,4370.0,73,10,100,2
0,0,4375.0,71,10,100,2
0,0,4380.0,72,10,100,2
0,0,4385.0,72,10,100,2
0,0,4390.0,72,10,100,2
0,0,4395.0,72,10,100,2
0,0,4400.0,73,10,100,2
0,0,4405.0,73,10,100,2
0,0,4410.0,73,10,100,2
0,0,4415.0,73,10,100,2
0,0,4420.0,73,10,100,2
0,0,4425.0,73,10,100,2
0,0,4430.0,73,10,100,2
0,0,4435.0,74,10,100,2
